cluster_id,cst,class_50,kind,a_v_50,distance_50,cluster_name,normal,age_50,age_16,age_84,num_stars,normal_err,m_break,m_break_err,low_slope,low_slope_err,high_slope,high_slope_err,chi_squared,reduced_chi_squared,n_bins_before_break,n_bins_after_break,logAge,e_logAge_upper,e_logAge_lower
5197,23.37897384,0.999239475,o,0.178490087,133.594265,Platais_8,257.95816996505096,7.494345188,7.218500137,7.828241825,225,95.24616253298068,0.2676252332967783,0.0923172155785983,-0.0553746347809266,0.8506749147144845,-1.8806389794413667,0.5023639137158447,0.5517409826641244,0.1379352456660311,3,5,7.567,0.046,0.046
132,27.44590458,0.998673677,o,0.11152406,427.4531513,BH_23,382.8476167453874,6.973596096,6.730814457,7.153571606,300,216.53268055299228,0.2816125677719959,0.0892899470600209,-0.1890027323104539,1.5230856039322416,-2.1863068898042286,0.333820292530158,6.271228409711096,0.6968031566345663,3,10,7.391,0.053,0.053
5605,31.61980059,0.99915728,o,0.064561725,295.869997,Theia_517,922.9586461544874,8.102348804,7.823602676,8.346331596,511,449.79796243809153,0.3385318269047493,0.089613538790856,0.6560897161327225,2.0491172369631507,-2.1201148625740407,0.2080986405712503,2.546143841137692,0.2546143841137692,3,11,8.102348804,0.24398279200000061,0.27874612799999987
4299,24.05401264,0.986871272,o,0.55891946,343.3451514,IC_4665,815.1354382884134,7.514507771,7.262871742,7.723068714,308,231.06160781161813,0.3570605629421589,0.0525367778354588,0.3005248089732548,0.8775490456821204,-2.2301784035182872,0.1855429558031192,3.231280191362556,0.2937527446693233,4,11,7.728,0.081,0.081
64,23.63704139,0.994124562,o,0.294033766,374.1934418,ASCC_127,240.0536186963533,7.085119486,6.847806454,7.28382206,247,103.36166676524762,0.3583577467063178,0.1081408052858887,-0.3766331318656146,0.699029606563905,-2.127792563171156,0.4130766977646882,6.167521086531771,0.8810744409331102,4,7,7.496,0.131,0.131
4872,31.70335066,0.992167264,o,0.043677986,190.0831818,NGC_2451A,858.7868583524554,7.416002274,7.119625568,7.688241959,407,207.7494307951835,0.3687590836312157,0.0503859384957818,-0.1338026754925549,0.320746098272876,-2.418865563272986,0.2074379074447509,5.048665592666815,0.4589695993333468,5,10,7.737,0.047,0.047
1755,29.52051916,0.989914149,o,0.207788989,491.7671176,Gulliver_9,760.8192669363859,7.005716562,6.756231308,7.18828392,444,193.23661645545,0.3725046687334112,0.0563321152221138,-0.2047777626965199,0.6350001323573109,-2.4118070222869474,0.2511760816693322,4.067078817354537,0.3128522167195798,5,12,7.326,0.031,0.031
7156,23.27090623,0.989206553,o,0.18000412,283.655598,ZHBJZ_1,748.2371493503936,7.130200386,6.820354939,7.349176407,490,153.91370066472365,0.3783473545985125,0.0464901270130175,-0.0983761980481575,0.3264073549250178,-2.475886502596698,0.2394452746999456,5.907182756763066,0.6563536396403407,5,8,7.130200386,0.21897602099999958,0.3098454470000007
86,18.34721617,0.998484462,o,0.143248752,275.3092011,Alessi_36,447.2528936757375,7.460958004,7.165091991,7.783838272,198,117.28792795469612,0.3791839624429651,0.075375119349726,0.0069773052025731,0.5174401066113338,-2.111086598620425,0.4112544560852875,1.4874464958571596,0.2124923565510228,5,6,7.460958004,0.3228802679999996,0.29586601300000037
4873,28.61356366,0.974244922,o,0.181459948,367.5350513,NGC_2451B,1055.0017320200811,7.440184832,7.226033211,7.672418118,615,284.25417769267096,0.3895746245277908,0.0494852702391827,-0.1799947667458731,0.5050742589437937,-2.5239162079364954,0.1751435900344418,10.585321334492958,0.8142554872686891,4,13,7.659,0.064,0.064
7143,22.70173807,0.994458079,o,0.243651792,173.8625798,UPK_640,1389.7555003038651,6.983164072,6.720327377,7.159949303,764,294.8834178576204,0.4024664584815779,0.0394378292703322,-0.4924253489523836,0.2300606320330953,-2.7353178005605163,0.1836619634531295,5.6031766737467885,0.3501985421091743,7,13,7.379,0.091,0.091
4191,24.28413659,0.99598515,m,0.167702645,148.0459449,HSC_2986,160.32135399597405,6.85317564,6.644990921,7.040894508,222,69.55326051551548,0.4039259569167748,0.0999950645322817,-0.1532388501096996,0.5680521292895045,-3.12212778869901,0.933575900210877,2.1717067851406675,0.4343413570281335,4,5,6.85317564,0.18771886800000015,0.20818471900000013
4423,99.0,0.995689571,o,0.102094501,134.8413431,Melotte_22,3549.9301923124644,8.084972382,7.74429512,8.293535233,1721,447.49642143053455,0.4073122447020844,0.0256500985079103,-0.2693146561261302,0.1681474847576644,-2.6598466564102377,0.1107323307761595,18.19858418456646,0.8272083720257482,10,16,8.116,0.108,0.108
5495,21.50097338,0.994087517,o,0.151140392,484.2504649,Theia_58,189.92433827867237,7.372851849,7.109516621,7.647429466,288,92.99461113065108,0.4219171577509227,0.1290969471993938,-0.1767358654264772,1.1934659693947716,-2.294454490559479,0.5566755733204736,0.999197797699804,0.249799449424951,3,5,7.372851849,0.2745776170000003,0.26333522799999987
4524,25.95215903,0.997736365,o,0.134927049,318.0361077,NGC_2232,518.3365468515924,7.123059273,6.882543087,7.352166653,286,117.852475324132,0.427239190222919,0.0673274987943137,-0.1755706469845982,0.3840811176613675,-2.341237530630433,0.2965125741187019,6.05765939009059,0.6730732655656211,5,8,7.486,0.041,0.041
4838,17.35886964,0.990705252,o,0.263314083,742.5951894,NGC_7039,526.6075080738817,6.824951172,6.653155327,7.014259338,170,243.5738178047726,0.427758513875669,0.0805550894738831,0.5777177175763379,1.7722248413142792,-2.7563231246104163,0.401013955622262,9.12158546883342,0.9121585468833422,3,11,7.213,0.142,0.142
5020,23.66023194,0.977953166,o,0.264377087,389.1796127,OC_0470,798.0728776235633,6.845579386,6.642217636,7.040346146,415,200.63824990895128,0.429122273166519,0.0450209330146113,0.1765524696558935,0.4271918207997115,-2.9348915445707817,0.2806968687371727,7.073425974730758,0.4160838808665151,6,15,6.845579386,0.19476676000000026,0.20336175
1324,18.97655244,0.993827283,o,0.095127657,376.2087092,Collinder_140,340.5316428813895,7.23683548,6.978178978,7.475440979,203,135.05024106849737,0.4366378323571052,0.0919425073092399,-0.0770371135294348,0.6904066237868912,-2.25954587802663,0.2355212021554877,2.537861585224872,0.3625516550321245,3,8,7.6,0.037,0.037
4293,29.97568575,0.999614418,o,0.114341736,150.5514196,IC_2602,754.7539883709923,7.414541721,7.179764748,7.677102566,638,162.3904912343241,0.4367744740249209,0.0587468019928114,-0.4425613406047251,0.2186443496436746,-2.455438500682075,0.2143429631207275,7.575895657854128,0.6887177870776481,6,9,7.672,0.023,0.023
576,27.87473667,0.820420206,o,0.149199635,361.6110811,CWNU_1044,261.31231696976755,7.534675598,7.24132061,7.796350002,377,98.75575336366298,0.4375589369541515,0.079758649012963,0.6158273636616963,0.9171363266218728,-2.565762336145543,0.3996330085423825,0.87307473409525,0.1247249620136071,4,7,7.534675598,0.26167440399999986,0.2933549879999999
5199,19.56579928,0.998408377,o,0.280244544,238.720662,Platais_10,128.00247079488236,8.094939709,7.821927547,8.344636917,197,52.111895073143,0.4381567658156378,0.125610918936542,0.3955392779524109,1.2026123386986465,-1.963416815680162,0.526377194342948,1.4324130480311947,0.2387355080051991,4,6,8.314,0.26,0.26
4289,26.06305626,0.997392505,o,0.090997472,150.1906601,IC_2391,445.5798747307183,7.436626196,7.159081936,7.677269459,376,134.54604585300294,0.4407426069842283,0.0948517435004023,-0.6473784953260288,0.2413682224954872,-2.2448374181456345,0.2582385081360723,7.717077259171649,0.9646346573964562,5,7,7.688,0.042,0.042
5201,22.86550985,0.994903386,o,0.354742661,346.8844589,Pozzo_1,911.2244045107204,6.971465111,6.698472977,7.148552418,365,160.68459942715415,0.4452900082874921,0.0387259184643224,0.585642488814083,0.3524198924806663,-2.78171859447724,0.2502070048229924,8.807660120610812,0.4403830060305406,8,16,7.086,0.087,0.087
4290,99.0,0.978178024,o,0.305173248,695.6977283,IC_2395,1617.286028708524,6.832616568,6.628157139,6.994478226,745,396.4547559330761,0.4482841186319985,0.0495533156219102,-0.207033883751052,0.5883291875098645,-2.6025488902340226,0.1553449331768699,17.2758865837467,0.7198286076561126,6,22,7.149,0.032,0.032
4422,99.0,0.997192442,o,0.242330834,173.5811454,Melotte_20,1267.7090844085117,7.745104551,7.477336884,7.971729279,938,236.5571033552245,0.4550485638121989,0.050368604391124,-0.3446147226794279,0.1971542559938029,-2.342864116152516,0.1522859059723832,4.624430870599909,0.3303164907571363,7,11,7.921,0.047,0.047
281,99.0,0.995965928,o,0.056835309,234.3904951,Blanco_1,1241.7012439493155,8.239131451,7.9511199,8.569187164,841,326.0940760837402,0.4574253264887689,0.055605620591161,-0.941663234174054,0.313194155542629,-2.91874019606976,0.2286756977143657,10.787429882598502,0.6742143676624064,8,12,8.012,0.09,0.09
5481,17.40952072,0.942322552,o,0.298634797,408.8463162,Theia_13,591.1488175735797,6.808747292,6.610023975,6.980823994,249,126.93928069466352,0.4724087537171763,0.054227601188668,0.2187026301671102,0.4738501528702505,-2.662388240823586,0.3001930129861909,1.365845373681002,0.1050650287446924,5,12,6.808747292,0.17207670200000003,0.1987233169999998
290,18.03376997,0.998901784,o,0.177356258,342.0987162,Briceno_1,403.8646930480285,6.913410664,6.638452053,7.053053379,171,110.8726475405838,0.4779045800547408,0.0663455562090337,0.4400658546635276,0.6814258402998812,-2.70034255724611,0.3727635682851913,5.070422720898291,0.5070422720898291,5,9,6.913410664,0.13964271499999992,0.27495861099999974
4590,32.3944084,0.997991145,o,0.119976878,382.3826122,NGC_2547,901.7265023975182,7.336620569,7.09608078,7.614598274,675,198.4091639549539,0.4826560310501174,0.0607003238159265,-0.4695752610975295,0.2919956429021229,-2.386367713030689,0.1829950176019905,10.146824066623733,0.8455686722186444,6,10,7.592,0.024,0.024
85,26.46343481,0.98815611,o,0.555046409,485.5054368,Alessi_34,651.7382904959738,7.314842224,7.075325489,7.510607719,857,198.7743082086606,0.4926628630725118,0.0788110640304966,-0.6519691577272003,0.473817173262983,-2.6519400981230907,0.2599953504858414,11.564107763612093,0.8260076974008638,6,12,7.314842224,0.19576549499999985,0.23951673500000048
3908,20.2275211,0.999574423,o,0.303420246,133.8787197,HSC_2636,170.7120639456736,6.993011236,6.746082306,7.218502522,284,60.73352758479144,0.4949332345237124,0.1110970263050891,-0.4117150106602724,0.3776266883211438,-3.7169680207019993,1.3358151923272734,2.691148047010592,0.5382296094021184,5,4,6.993011236,0.22549128599999957,0.24692893000000016
79,24.19854471,0.954734802,o,0.647009373,424.3059897,Alessi_20,480.4462078270165,6.825615168,6.593387604,6.951789379,252,145.33724025915043,0.4951980875966424,0.0684892480232154,-0.0808535189003897,0.4965390080919912,-2.6942214222740133,0.2670843242193834,2.618679368515206,0.2182232807096005,5,11,6.991,0.116,0.116
4598,99.0,0.996670902,o,0.15869616,183.4910924,NGC_2632,2107.6310313294853,8.539385796,8.304765701,8.793434143,1314,407.1118369172602,0.5074430133463737,0.0461699478558912,-0.5810657754331164,0.2327704057456514,-2.6722785135345712,0.1601667230181502,9.634745705133705,0.642316380342247,8,11,8.882,0.035,0.035
150,32.42183184,0.994290292,o,0.112116218,440.2142016,BH_99,1351.1448342804294,7.651223898,7.410183907,7.942173481,643,322.54722928870336,0.517835519972394,0.0571317148869318,-0.7511145308036677,0.4578912754580524,-2.8424969076623228,0.1882127380067718,5.928704928161107,0.3293724960089503,7,15,7.795,0.072,0.072
5359,21.08613637,0.99496904,o,0.173754185,354.6813003,Stephenson_1,399.48212760955687,7.425392866,7.163497448,7.699929237,322,133.95834732560536,0.519031151316772,0.0925620946455823,-0.7382593673035867,0.3496120169658985,-2.549696453311377,0.2413050250748119,8.029244346131692,0.7299313041937903,5,10,7.632,0.047,0.047
7094,15.58186959,0.885538042,o,0.616775632,661.5929139,UPK_445,179.33352220127458,6.86643219,6.675658226,7.053340435,123,119.74317752053835,0.527477408271169,0.1330051968149659,0.1125741117399435,2.1176668797324223,-3.1621815999215754,0.8348362537905237,6.135934798831913,0.681770533203546,3,10,7.226,0.07,0.07
1312,99.0,0.873098731,o,0.416201741,393.7751313,Collinder_69,1121.5033638597597,6.71929884,6.532010078,6.846721649,1247,141.78154139717157,0.5299298032454329,0.0441259355312549,-0.2333635940748781,0.1475011835339254,-2.8247558057816,0.2264389227227612,25.191789217885244,1.2595894608942622,9,15,6.946,0.048,0.048
1745,25.8605962,0.977279991,o,0.152334616,364.9840988,LP_2383,615.3299479236817,7.578148127,7.262598038,7.896157265,422,132.493609140386,0.5386070652147524,0.0536664146259516,-0.3937667792095325,0.3265596006756898,-3.5071358661649823,0.467342041092625,7.682973466495545,0.6402477888746287,8,8,7.578148127,0.31800913799999986,0.31555008900000026
5489,99.0,0.863290846,o,0.771996737,498.882266,Theia_38,768.4686150839997,6.761762857,6.547386646,6.866619587,1108,257.4289243089865,0.54344456802219,0.07730847015297,-0.4720350252938819,0.4715009993899822,-2.842230461015756,0.2544738351994405,12.657917021503582,0.7032176123057545,7,15,6.761762857,0.10485672999999984,0.21437621100000026
5109,20.7552012,0.989763647,o,0.127747834,531.0353182,OCSN_77,310.06178356131744,8.119074345,7.852045536,8.39881134,236,91.79103155207044,0.5441737761031731,0.1094586981269724,-0.0573433287026012,1.0165999006356568,-2.2841024456319494,0.3949385878155544,2.1742736454162315,0.4348547290832463,3,6,8.119074345,0.2797369950000004,0.26702880899999926
4716,37.4178734,0.998707354,o,0.366255671,520.7623268,NGC_6281,2899.231477747901,8.43772459,8.221617699,8.690324783,756,650.9000323981705,0.5506294408954525,0.0464808280192736,1.1029457194919223,2.912377389435337,-2.900989657471757,0.1792020640904708,7.937941649673397,0.6106108961287229,4,13,8.516,0.086,0.086
4465,99.0,0.997925788,o,0.143492728,489.7317695,NGC_1039,2229.7337273963126,8.087333679,7.855475903,8.367276192,1095,873.5166615305516,0.5603809280689829,0.0856672624843347,-1.0473851081734828,0.8291987619890193,-2.8005936902220974,0.1607302834742119,6.503356551223365,0.4064597844514603,6,14,8.425,0.129,0.129
7114,23.63493313,0.996338069,o,0.085669309,334.0191475,UPK_545,371.53914879055424,8.006925106,7.745153427,8.317447662,597,92.08485059938197,0.573515749064675,0.0721094019594368,-0.2215965632642684,0.3711574299486622,-3.058846000250592,0.4721101618480866,2.5486315213933017,0.2316937746721183,6,9,8.137,0.089,0.089
7043,22.61366792,0.996943831,o,0.560677767,588.5248707,UPK_168,341.88741478393354,7.450774431,7.212518215,7.667392731,297,148.4092296713874,0.5805631361785254,0.1204763674388568,-0.2861070114289833,1.0838706043863071,-2.4692774935238604,0.276527364964623,2.76977979637533,0.3462224745469162,3,9,7.796,0.166,0.166
4378,29.11323714,0.996201366,o,0.144796371,452.7785212,LISC_3534,384.2717162192502,8.172439575,7.855512142,8.41065979,430,158.13943154617868,0.5845555481252693,0.1162129901710073,-0.7407887941976339,0.6527985152094639,-2.5113896309632797,0.3020770506737336,0.9629154428837704,0.1375593489833957,4,7,8.172439575,0.23822021500000012,0.31692743300000004
80,21.87208398,0.999140263,o,0.153509647,560.7547398,Alessi_21,452.6780542198501,7.899639845,7.640462399,8.134233475,279,158.52290679905656,0.5861552727067716,0.1034341264874349,-0.1933808434341459,1.1692686173290423,-2.4400040890779886,0.2585666820844041,2.5837546716450324,0.2870838524050036,4,9,7.944,0.162,0.162
4503,23.02875319,0.895485014,o,0.509616464,378.2819718,NGC_1980,633.5158514176089,6.841184616,6.633863926,6.993131638,364,141.8421548495053,0.5933830888724551,0.0563731450356082,0.0910617467896363,0.3583841494805235,-3.0123282358978742,0.3060676975048413,12.970147438748114,0.7205637465971174,8,14,6.97,0.049,0.049
136,24.02046843,0.96876511,o,0.666753411,879.9469945,BH_56,537.2317467498714,6.878802061,6.673322201,7.022340775,302,124.39263232699412,0.5974901321198984,0.0777516394402269,-0.2173155416761232,0.6222142371815053,-2.5812819498697044,0.2652456971945182,5.569795608232773,0.4284458160179056,5,12,7.156,0.076,0.076
6043,30.52651841,0.99412626,o,0.864967555,674.6518448,Trumpler_2,932.5247597244272,7.95477128,7.733119488,8.175943375,453,175.43661372148006,0.597996752469929,0.0490810411648091,0.9991500166409412,1.9782374476655864,-2.713891381576397,0.2086716733959183,7.968029238418236,0.7968029238418236,3,11,8.376,0.193,0.193
4301,37.54513367,0.993589818,o,0.359930843,466.7540534,IC_4756,1079.0607333618843,8.922665119,8.74415493,9.126649857,718,374.34448217740055,0.6028804169101323,0.1352777585292296,-0.3574076801225133,1.0688996110897555,-1.7579884277097124,0.2093723234167113,1.9135819559805256,0.2126202173311695,5,8,8.989,0.041,0.041
4591,99.0,0.99935329,o,0.096103668,747.0835211,NGC_2548,1530.6724544539795,8.57898283,8.375595093,8.827252388,778,471.99466125092295,0.6063266477834658,0.0940907974932504,-0.4779416583581183,1.6097553670188025,-2.2628519768757958,0.1819657846986077,1.3180642319083482,0.1318064231908348,4,10,8.717,0.027,0.027
4268,22.1284189,0.981926262,o,0.050460726,293.4604839,Herschel_1,265.2180404642494,8.248035431,8.009152412,8.606020927,222,92.03162791044154,0.6067378939975635,0.1109337913473374,-0.7006109533820608,0.4895706876495613,-3.041425355645657,0.5720293414714598,2.034290178584919,0.4068580357169837,4,5,8.248035431,0.3579854959999995,0.2388830189999993
1323,16.10956643,0.993797034,o,0.107396796,295.8666538,Collinder_135,249.66079402228115,7.474636316,7.224114895,7.730070591,209,75.47422713057793,0.60713570121552,0.145657739499366,-0.4357999506286442,0.323675417012209,-2.3009661246649755,0.4401766907746872,1.9599372494392335,0.3266562082398723,5,5,7.669,0.048,0.048
5216,27.27642407,0.997711331,o,0.070205525,350.0575104,Roslund_6,393.2205806052448,8.225153923,7.979995728,8.509386063,452,145.41316665022967,0.6135705172470104,0.1406450274642494,-0.9607889410919148,0.418355923510369,-2.481957086292637,0.3787613935666795,5.372582197691649,0.7675117425273784,5,6,8.413,0.075,0.075
4424,27.43793416,0.995365053,o,0.165234506,47.19065976,Melotte_25,663.8273618025432,8.761052608,8.549044609,8.995731354,927,130.20736919664824,0.6168183012988593,0.0884860344278448,-0.3623171359214144,0.1682518349936915,-2.282020308578017,0.2999734051852287,5.854846042161713,0.5854846042161712,8,6,8.922,0.064,0.064
5555,27.70507199,0.996686101,o,0.20594503,745.5845471,Theia_274,525.7387757523157,8.09691143,7.825147152,8.327158928,448,155.58251286460242,0.6228016249861295,0.0912850485191131,0.1616191612624927,1.7156261079746378,-2.445062863627569,0.2567449977088277,2.56628742026059,0.3207859275325737,3,9,8.09691143,0.23024749799999888,0.271764278
5176,27.76427689,0.996033549,o,0.130930066,680.7026557,Pismis_4,382.4374571592117,8.066166401,7.834452629,8.353805542,435,130.83285038598342,0.6303472098486279,0.1284142305250719,-0.7011701901432077,0.9455150425439374,-2.4674363779238586,0.3678287419659665,1.576635129742295,0.225233589963185,4,7,8.094,0.146,0.146
59,32.27412782,0.998816311,o,0.108024314,557.418698,ASCC_113,633.3784343016357,8.264825344,7.997469902,8.48623085,491,195.01062435521396,0.6332205241387097,0.1042854354888935,-0.7037962107402362,0.7514492708220798,-2.3716496043729123,0.2234182036561676,3.374928686904663,0.4218660858630829,4,8,8.455,0.226,0.226
4484,26.28708397,0.996182501,o,0.927895993,404.599015,NGC_1662,562.9257934689088,8.538435459,8.337567329,8.76941967,384,243.54878493733585,0.6347493486776982,0.1224002604718229,-0.3923046306264073,1.2864507827580058,-2.4812898277351145,0.249239659316109,2.675668507083177,0.3344585633853971,3,9,8.771,0.142,0.142
4658,22.60960966,0.996263504,o,0.183473721,711.4857643,NGC_5460,460.3911995365792,8.183610916,7.964643955,8.420054436,267,192.7831651333139,0.6348448860195431,0.124390640987829,0.4776193590452382,2.2585357465701605,-2.2753848446990226,0.2307515474231726,2.920242935697172,0.3650303669621464,3,9,8.181,0.117,0.117
5301,25.85996089,0.990821779,o,0.569390118,590.877303,Ruprecht_145,617.8601218447134,8.754349232,8.554862022,8.93061161,384,140.21823266260512,0.6361811259402709,0.0741534286953743,1.1830431465582818,2.299243735273263,-2.124829405129029,0.2550548172766131,4.645166405363998,0.7741944008939997,3,7,8.969,0.017,0.017
4694,19.00901118,0.993161649,o,0.786038935,878.3227606,NGC_6178,426.511067548973,6.894150734,6.699933529,7.04943037,211,106.94674620814264,0.6402687813576454,0.0729341463849355,1.5367243320910962,2.306955310014443,-2.489385073729911,0.2837586776646026,2.780512414595205,0.3475640518244006,3,9,7.098,0.201,0.201
4478,24.07401838,0.990916878,o,0.987116933,696.2880104,NGC_1545,622.8566493910834,7.99637723,7.738601208,8.208293915,250,318.80707976434365,0.6423738274155111,0.1130537900531539,2.0471998014346235,4.104139969884599,-2.935470149831388,0.2610095151975781,5.014154529910622,0.4178462108258851,3,13,8.318,0.229,0.229
4537,99.0,0.999456346,o,0.085777581,715.0568055,NGC_2287,1876.6209522845395,8.188724041,7.986250401,8.454359055,948,322.6682213527709,0.6425563094365161,0.0489310352422184,0.2570397989899458,0.7805406947662876,-2.549039545543828,0.1275641483498389,10.771391293550815,0.7693850923964869,4,14,8.48,0.094,0.094
25,19.43184966,0.996866465,o,0.127982423,471.4380967,ASCC_58,284.4943002565813,7.755970955,7.48116684,8.021576881,236,95.39263521592886,0.6457720639822137,0.1077407008752459,-0.4246909481403798,0.6155431869402863,-2.6457703572727143,0.3169895095812353,2.698373344259907,0.3372966680324883,4,8,7.775,0.09,0.09
6155,21.57501478,0.892139435,o,0.424844086,487.0161553,UBC_159,273.9804973231808,6.682375193,6.498359203,6.80163765,232,72.67810516292289,0.656251268811582,0.0980254815392696,-0.275328580168432,0.3189240367961246,-2.874844129644879,0.4191757460502731,5.013529635799952,0.4557754214363593,6,9,6.682375193,0.1192624569999996,0.18401599000000068
4593,23.91614591,0.999783456,o,0.245460287,1279.31851,NGC_2571,675.8405588327278,7.267592907,7.067738056,7.464402199,267,304.1347874869019,0.6608467983612298,0.117869796365102,0.6901329957304336,4.062112597109425,-2.7142927717551992,0.2433482671933899,6.86339637280788,0.6239451248007164,3,12,7.517,0.138,0.138
4680,32.32626965,0.998567224,o,0.38424173,759.8886663,NGC_6025,1261.1212975972965,8.059401512,7.852304459,8.303832054,555,163.80884664102032,0.662309186197416,0.038686701190643,1.032369694292448,1.3085327383247862,-2.6663332704015223,0.1643861968509771,4.528368724742796,0.3483360557494458,4,13,8.237,0.101,0.101
4566,99.0,0.997733831,o,0.159026921,468.2720692,NGC_2422,1377.757721833472,8.035879612,7.799871445,8.291846275,1129,503.7213504461056,0.6669920700037265,0.0982413534260415,-1.24170327530898,0.4140757205148973,-2.7949356677881707,0.1642109836195262,6.881432516726217,0.4047901480427186,7,14,8.19,0.097,0.097
4555,23.96866615,0.992882311,o,0.384137109,1228.405218,NGC_2362,535.4162746583336,6.842275381,6.635920525,6.967621803,239,138.4811833661962,0.6673090896633591,0.0756291314323064,1.91466513654322,1.7565404748942628,-2.370525371966715,0.2109502072102084,1.6633923566471185,0.1663392356647118,3,11,7.156,0.13,0.13
75,28.83247036,0.996789366,o,0.13698338,538.8503658,Alessi_12,521.9583047871176,8.086308479,7.83079195,8.374152184,425,129.77904628824268,0.6743866709207397,0.0902150555542582,-0.7004469651579122,0.5665535719939128,-2.8633971994713727,0.3304316685323158,3.4407548381278734,0.3127958943752612,6,9,8.195,0.127,0.127
4612,23.1725577,0.999504864,o,0.13230516,738.0277797,NGC_2925,495.0095064716024,8.128431797,7.884619236,8.359571457,273,248.5416537385484,0.6866908107669711,0.1353073850264223,-0.5946274384612363,1.5176365868569712,-2.8650048537813517,0.3171355523402291,1.0788190277689451,0.1198687808632161,4,9,8.366,0.126,0.126
4249,34.59260814,0.997724861,o,0.106013566,552.4922648,Haffner_13,482.6084027337291,7.165202618,6.86863327,7.354553699,726,235.0741414290436,0.6871749828910334,0.1459599652023387,-1.4698289853616102,0.3102104270029033,-2.747149204943032,0.2341367935851769,11.761213777400402,0.7840809184933601,7,12,7.63,0.05,0.05
4840,28.07773379,0.97499454,o,0.125884682,362.809082,NGC_7058,325.1262683109795,7.843420744,7.537169456,8.088750839,424,112.73559813947914,0.6889350516184768,0.1077399041809013,-1.2618484254929778,0.286518227462351,-3.349773704022049,0.4206064263536804,4.100977478447573,0.3728161344043249,7,8,8.318,0.168,0.168
4852,18.77865628,0.999188274,o,0.975865871,894.8808115,NGC_7160,280.6183893163468,6.95376873,6.777509212,7.114550591,151,92.74983875092856,0.6944471965140502,0.1164427500729115,0.4304645824568067,1.6883724584323423,-2.528641037618821,0.297962579226234,3.8850566903533386,0.4316729655948154,3,10,7.102,0.157,0.157
5524,26.53654593,0.996750683,o,0.091131404,464.5957929,Theia_172,203.0149034425189,8.08450985,7.785533428,8.345040321,322,61.59245007202687,0.6956071775185545,0.1179151128419903,-0.4647546872601849,0.6031468978034238,-3.1349263949231885,0.5699795552322547,4.61864780791831,0.7697746346530517,4,6,8.08450985,0.26053047100000093,0.29897642199999996
1347,99.0,0.99933812,o,0.621231377,703.597029,Collinder_394,1897.8459090761885,7.924185991,7.717750549,8.133447647,977,237.7763366366877,0.6981750216491052,0.0409427499730417,0.1654978334435554,0.7180071130948571,-2.7388138344878814,0.1378363140228475,13.46397593320516,0.7479986629558422,6,16,7.932,0.155,0.155
4535,99.0,0.99737978,o,0.215563387,508.9319909,NGC_2281,993.7570888922664,8.438003063,8.141255379,8.652873993,717,298.64555157210503,0.6997777899944226,0.0820316937150206,-1.119524527543485,0.5418209627054149,-3.1681273475352856,0.2387476816436091,9.722811942276994,0.7479086109443842,6,11,8.771,0.061,0.061
5813,23.93907983,0.969693542,o,0.146583691,1163.897818,Theia_2267,287.7062363187769,7.634633064,7.44472456,7.898973465,341,102.57966493935422,0.703011830919201,0.1225318842463031,-0.3732107983219327,1.8495381199533356,-2.6514469869576343,0.3044587465832039,8.205043364219016,0.911671484913224,3,10,7.634633064,0.2643404010000001,0.18990850399999992
4797,37.60357345,0.999377251,o,0.634507924,703.597029,NGC_6716,1761.8398637995526,7.902192116,7.705928326,8.130428314,930,525.4648253383508,0.7041090790949092,0.0811053006857772,-0.0218760514343992,1.299569570144674,-2.711300019109637,0.1265988647546438,9.519847508066626,0.5288804171148125,5,17,8.168,0.077,0.077
40,22.35109796,0.973008782,o,0.625296682,816.3805555,ASCC_79,330.1079407638624,6.739676952,6.5642066,6.857309341,214,132.8297808083233,0.7138971081255372,0.1086067248011071,0.5914856305395424,1.2328216179853564,-2.948879000682834,0.3625123769166385,4.926603841959898,0.4478730765418089,4,11,7.365,0.218,0.218
84,17.49827869,0.999645829,o,0.138949797,778.5871519,Alessi_33,265.06986035067115,7.195734024,6.976280212,7.398832798,194,92.15892398019436,0.7205114745229583,0.1436233747607294,-0.4361090532483316,0.8113656749228977,-2.6373163386078264,0.3907386966931244,5.685248136069769,0.9475413560116284,4,6,7.195734024,0.20309877399999987,0.21945381200000025
5312,99.0,0.991628677,o,0.811876595,1481.763285,Ruprecht_171,4662.378623099381,9.167845726,9.016511917,9.351223946,1086,3036.977341158268,0.7226809457303519,0.1437123992851912,0.5418179674650306,20.455396914857207,-3.314784091147456,0.2041940043244583,56.43885944233055,4.70323828686088,3,13,9.471,0.021,0.021
6044,36.31358421,0.998814881,o,0.78550905,661.9918926,Trumpler_3,911.333098630618,7.582304478,7.331243515,7.772525787,692,184.67100577006968,0.723973584826483,0.0643981170992887,-0.556850622961286,0.490678599365046,-3.0644289916626075,0.222982271144141,12.331030466807738,0.8220686977871825,6,13,7.628,0.089,0.089
68,21.77867105,0.998250306,o,0.572461158,604.1349877,Alessi_2,333.4830557275487,8.421298027,8.158202171,8.624684334,249,108.69335209926189,0.7382027423798616,0.125851404245367,0.2670951902641978,1.0419951130468077,-2.6354809934316474,0.3745504846823307,3.4184677342465504,0.4883525334637929,3,8,8.598,0.081,0.081
6,27.89348821,0.999091983,o,0.728987813,825.9352722,ASCC_11,751.8833579215407,8.369570255,8.173505783,8.586539268,315,160.84299652085883,0.7413318319256215,0.059577020699277,0.7554734093982086,1.726260267522826,-3.149326722901369,0.2791277547816364,2.259740359473038,0.2510822621636708,3,10,8.66,0.063,0.063
6048,28.46294853,0.993095815,o,0.083884805,428.1369665,Trumpler_10,619.8065801481941,7.565294981,7.280113697,7.791244507,1425,169.9090782233409,0.7467251716341826,0.0964276353675834,-1.125231369440859,0.2029568263780702,-2.874964808132267,0.2164391841234775,13.66469928439004,0.9760499488850028,8,10,7.753,0.026,0.026
82,25.14296542,0.993232906,o,0.159157619,476.7272146,Alessi_24,263.92368117078433,7.998623133,7.719535828,8.304517746,371,125.2316466508073,0.7470422617386088,0.1453537415492688,-1.5435065296636532,0.3554425465185682,-3.2659261548830765,0.443586610483657,3.924599699501267,0.3567817908637515,6,9,8.457,0.105,0.105
4545,31.86970407,0.999676973,o,0.583438545,956.5024486,NGC_2323,1671.1027692183657,8.157739162,7.945343494,8.374236107,788,289.7729498998372,0.7547079446988741,0.0507556079182147,1.4247832530302624,1.3751983337457034,-2.7501557613561785,0.1471803955578185,11.25403383030856,0.8038595593077543,4,14,8.628,0.134,0.134
4539,32.8200037,0.998904318,o,0.122829393,839.6051479,NGC_2301,1633.657271580926,8.144417286,7.905688763,8.403618813,828,356.6921686967221,0.7555770776955103,0.0624657953406116,-0.3890794636870098,0.8385351607439203,-3.1684410950295057,0.1878009363723795,7.813343917662114,0.4883339948538821,6,14,8.267,0.059,0.059
14,21.3346729,0.997176945,o,0.179667935,603.6728276,ASCC_23,284.04709692352657,8.464166164,8.180055618,8.663796425,194,108.77042551314928,0.7603248007970799,0.1160905554644401,-0.5026206626181638,0.9075767357684112,-3.0868691762773226,0.3926842018853083,3.2962538452001877,0.4708934064571696,4,7,8.605,0.102,0.102
4589,31.15490247,0.994345725,o,0.230770677,909.0427236,NGC_2546,678.1169671785556,8.218453884,8.012906075,8.457766533,499,169.7881188291314,0.7818564319279993,0.101306488217915,-0.2317722029035263,1.0076843221327196,-2.3772026526372203,0.2158755330277503,1.9986083357236464,0.2220675928581829,4,9,8.158,0.069,0.069
4550,24.58112725,0.998651475,o,0.173518866,1139.12294,NGC_2353,601.2567125843722,8.163058758,7.905263901,8.364746094,288,288.70349354352857,0.7904692734723885,0.1229414420007128,0.4320276244984031,3.04863574454323,-3.261760994370541,0.299498432708527,11.339120200985096,1.2599022445538997,3,10,8.127,0.185,0.185
5400,26.3482137,0.992964447,o,0.137634575,489.863677,Teutsch_35,246.79205658175815,8.100495338,7.826769352,8.348377228,337,112.8391072590494,0.8132225785868322,0.1467595874640935,-0.9379091418834804,0.573835694484221,-3.0513552042915757,0.4117876759624113,5.151368973565154,0.6439211216956443,5,7,8.364,0.16,0.16
4298,99.0,0.997869164,o,0.192289218,910.7835533,IC_4651,1694.6182711344466,9.221448421,9.046180725,9.401493073,1015,325.309029503993,0.8468733274482567,0.0789735262336759,0.2704407816372122,0.887391558956494,-2.2938535884904563,0.2485210801594803,13.125387201762363,1.3125387201762364,6,8,9.315,0.03,0.03
94,25.1019339,0.995494604,o,0.865329891,606.3432345,Alessi_62,320.438718557073,8.628827572,8.423036575,8.881902695,285,110.5765414005976,0.8500843901562731,0.1226550217110012,-0.5837585650458289,0.8399871075586428,-3.0940304730423644,0.436833877415744,7.389573718846944,1.231595619807824,4,6,8.997,0.034,0.034
4548,22.42358248,0.999174654,o,0.49442178,1052.100284,NGC_2343,498.7527410467408,8.211892605,7.967538357,8.418755531,277,258.24164319544855,0.8502231355362768,0.1454467462229334,-0.5521170152416114,1.956356004793992,-3.272676374767744,0.3129006557732486,5.2663199362303965,0.4787563578391269,4,11,8.174,0.088,0.088
4616,99.0,0.999711782,o,0.137305275,986.5485312,NGC_3114,2217.0353521942093,8.219673157,8.006002426,8.458183289,1624,476.59286349914856,0.8559934441613044,0.0870825214355764,-0.7542695978288718,0.6157080205703376,-2.526607735863624,0.1392543838643278,3.960078616757709,0.2329458009857476,7,14,8.358,0.055,0.055
4560,21.63769743,0.999333948,o,0.25738667,1382.855623,NGC_2396,399.93085892752737,8.237318516,8.035375595,8.476847649,223,179.5665420669755,0.8742400164230614,0.1391722715635739,0.0938458610408311,2.146842782641094,-3.0388054364133694,0.3122517262345134,4.289975122410121,0.5362468903012652,3,9,8.23,0.225,0.225
6092,23.00726569,0.99913609,o,0.974035352,1053.684054,UBC_54,550.8370126909326,8.446932316,8.247258186,8.653038979,336,217.41392416318544,0.8881493210433193,0.1412677346511598,-0.923932837402884,1.4910043124313912,-2.970268305743164,0.3254378617188516,3.17226820366057,0.3524742448511744,4,9,8.446932316,0.2061066629999999,0.19967413
4294,99.0,0.999653161,o,0.953859776,1294.280614,IC_2714,2269.526155065967,8.636294842,8.465209961,8.819648743,1285,769.3533975134195,0.9146446634550996,0.1083747407128327,-0.6844238865208201,1.353218223337744,-3.053153159785885,0.1846030895362784,5.585833404967392,0.3989881003548137,5,13,8.678,0.074,0.074
4500,99.0,0.999889195,o,0.729296684,1085.456443,NGC_1912,1626.5548979693356,8.431043148,8.23404789,8.631847382,1072,544.3636199825494,0.9413241756442244,0.1229685950333057,-0.6295470345993109,1.267086241906326,-2.732462776935742,0.1717732239161465,3.898074130210568,0.2998518561700437,5,12,8.412,0.112,0.112
4845,30.04045955,0.999918818,o,0.744578958,1321.371656,NGC_7082,664.0657486930929,8.165805817,7.972126007,8.40593338,371,193.44555328990947,0.9478726087975812,0.1040394158330075,0.1299193620923726,1.717629363492464,-3.099228796718928,0.2892468296706281,2.9310592548587406,0.2664599322598855,4,11,8.134,0.105,0.105
4502,26.34825353,0.999949098,o,0.794145256,1124.82093,NGC_1960,562.3164578441393,7.426263809,7.211873055,7.622754574,373,146.96855034128473,0.9489458762137072,0.11794307368274,-0.2084074452349783,1.7340516867945823,-2.747837054848188,0.242992225309786,8.535972574850915,0.6566132749885318,4,13,7.48,0.059,0.059
4505,99.0,0.999797076,o,0.618323565,1401.573512,NGC_2099,3578.454598082284,8.68640852,8.506214142,8.864630699,2424,1168.7824349278465,0.9491940271829052,0.1389924400371316,-1.4252607316461978,0.8760178949056041,-2.570070842129891,0.1692042536891488,3.311795675995508,0.2069872297497192,7,13,8.784,0.043,0.043
4585,99.0,0.989360303,o,0.204631478,407.0884841,NGC_2516,1238.0923868078162,8.097966671,7.863163948,8.401805878,3784,299.3658150987041,1.061268992566959,0.1083346389306985,-1.803418974320542,0.097549736888706,-3.223488721248762,0.2073965169285579,19.61557508436635,0.7005562530130839,17,15,8.442,0.085,0.085
6066,24.19048067,0.998936772,o,0.705182612,1384.743454,Trumpler_29,414.2156689238468,8.123838902,7.900036812,8.332548141,264,149.15722874379813,1.1020125672697365,0.136040463797186,-0.4792277775421288,1.396277326825111,-3.450516068130845,0.3480427596660142,6.322760102167411,0.7025289002408235,4,9,7.728,0.056,0.056
4571,99.0,0.999769896,o,0.27169086,1554.53783,NGC_2437,2302.5729300540734,8.635124683,8.424243927,8.838306427,2577,489.0263110428269,1.190789567178845,0.1054134996020839,-1.466089256245956,0.3215377246431917,-3.119712073924662,0.235154670684155,5.673536101244482,0.3337374177202636,10,11,8.709,0.049,0.049
4682,99.0,0.999839157,o,0.989845872,1957.161495,NGC_6067,1489.9740149707775,7.949167967,7.766239643,8.142011642,1149,377.781486126092,1.275595150585887,0.1427969109072449,0.1443031632958951,1.263062267341957,-2.474170276295171,0.1675429573842724,1.9846254927065328,0.152663499438964,5,12,8.105,0.163,0.163
