name,id,bin_center,bin_min,bin_max,bin_width,bin_magnitude,count,mass_raw,mass_raw_error,selection_function,selection_function_error,binary_correction,binary_correction_error,mass_corrected,mass_corrected_error,break_mass,break_mass_err,n_bins_before_break,n_bins_after_break,low_slope,high_slope,distance_16,distance_50,distance_84,cst,class_50,a_v_50,distance_50.1,kind,age_16,age,age_84,age_err_low,age_err_high
CWNU_1015,566,0.1113311677577652,0.0899999999999999,0.1377180990478631,0.0477180990478631,19.32183451401865,7,146.6948629487256,55.44544656757589,0.8313744613191711,0.0913824048225542,78.85896703943635,44.23158296953657,255.3075708562528,82.34269325153235,0.4628136665722437,0.0859499095280623,4,4,-0.4323161586923118,-2.561127993035288,171.939729766351,172.041117913878,172.142625703579,15.7195489321861,0.981902211904526,0.160584032535553,172.041117913878,m,7.26869869232178,7.53351974487305,7.80142784118652,0.2648210525512704,0.26790809631346946
OCSN_82,5110,0.1971914339375412,0.1700767995019502,0.2286288413952534,0.0585520418933032,19.49828216750481,15,256.18235530255,66.14599971193117,0.6085879963513198,0.1494086475336129,102.17755366102752,43.64157493196653,523.123015678756,156.19611554220228,0.5197001162035074,0.067784264505134,4,7,-0.3902829821093854,-2.7063460818729905,409.676525543002,410.016331584472,410.356701797883,17.5815827753196,0.956203907728195,0.159758538007736,410.016331584472,m,7.098313331604,7.37220859527588,7.59361171722412,0.27389526367187944,0.2214031219482404
Theia_58,5495,0.1842134481175647,0.1636482076207621,0.2073630683814309,0.0437148607606688,19.969250804398804,8,183.0041285913864,64.70173015605214,0.2349190447088317,0.1528344773894138,180.960494590546,62.66800618399224,959.9698287133252,580.2079825547854,0.5028520305481803,0.0677295736225678,5,7,-0.6374082655287,-2.327341206880762,483.878837891426,484.250464885899,484.62266315054,21.5009733790519,0.994087517261505,0.15114039182663,484.250464885899,o,7.10951662063599,7.3728518486023,7.64742946624756,0.26333522796631037,0.2745776176452601
Blanco_1,281,0.1339462343118164,0.1238862082573257,0.1448231723183367,0.0209369640610109,20.52103327580578,16,764.1986657366127,191.0496664341532,0.1456397269178528,0.1725695270130892,669.8881312468718,195.2991876705202,5917.073647927044,6357.306500805635,0.55456749198907,0.0438269266303151,10,11,-1.2268618469360726,-3.1337321641987987,234.295843568103,234.390495058699,234.48522305535,99.0,0.995965927839279,0.0568353086709976,234.390495058699,o,7.943,7.975,7.997999999999999,0.03200000000000003,0.022999999999999687
UPK_612,7132,0.1559816036463823,0.1334813487788778,0.1822746091396039,0.048793260360726,19.85174475133252,2,40.98926747698559,28.98378898884572,0.4898058089300736,0.071404259012446,161.61749984647057,56.427558695484535,245.30223108010392,82.67083707757381,0.4165604050265779,0.0314874326022283,4,7,0.3109862645839713,-2.5390534257565616,226.604531611698,226.696573607302,226.788690404335,23.4995734059315,0.998150110244751,0.100873783230782,226.696573607302,m,,8.0,,0.019999999999999574,0.019000000000000128
NGC_4349,4635,0.6758179895955831,0.6399512778567856,0.7136948871961267,0.0737436093393411,19.592229183383665,14,189.84695928805337,50.7387341126226,0.1277124619492586,0.1612735923404437,273.44928998370983,57.81061847565044,1759.9679616187566,1919.6080051009424,1.0454237333526957,0.1076120994911531,4,11,-0.0431597459087979,-2.75438535552456,1786.05561012886,1788.91971258083,1791.7930154836,99.0,0.999587684869766,0.859595149755478,1788.91971258083,o,8.404,8.451,8.493,0.0470000000000006,0.041999999999999815
Platais_8,5197,0.1050192802011267,0.0899999999999999,0.122544991266253,0.032544991266253,18.87070279395193,11,337.99363809958254,101.90891628213517,0.8310150061694406,0.0882324870393076,171.28055984776142,77.03162323006393,578.0044283583464,151.1200566574979,0.5353579604140827,0.0609674632623764,6,5,-0.460950483134459,-2.9663753635689414,133.569025212507,133.594264980942,133.619514290008,23.378973837255,0.999239474534988,0.178490087389946,133.594264980942,o,,7.48,,0.019999999999999574,0.019000000000000128
Alessi-Teutsch_3,111,0.3618099740429915,0.3230450703610361,0.405226605596206,0.0821815352351699,20.125285329761983,4,48.6727339487348,24.3363669743674,0.1832017464257692,0.155451476133743,60.38713158763956,28.270491603440096,326.0654610704664,263.1851258609982,0.7280035393560568,0.0520800491641474,4,8,0.6087358275791495,-3.1074444156767105,686.211274945006,686.999903124112,687.790346050389,17.1199135297901,0.997708320617676,0.511263370513916,686.999903124112,o,7.959,7.986000000000001,8.021,0.027000000000001023,0.03500000000000014
LISC-III_3668,4379,0.1979820358780309,0.1740210743874387,0.2252421821229674,0.0512211077355286,20.300590775395097,13,253.80161762848337,70.39190355040013,0.1433128772222637,0.1617148380423532,207.6431915652811,71.13103334189434,1978.6048982014736,2059.0673529638875,0.8999476590974023,0.0633562120371593,6,9,-0.6639839057688145,-3.1970416445745635,573.232485944576,573.621127226251,574.010295849005,25.9858509970407,0.908234357833862,0.164984583854675,573.621127226251,m,7.21959161758423,7.45821142196655,7.68595123291016,0.23861980438231978,0.22773981094360973
NGC_2506,4583,0.648757461677054,0.6316905262186219,0.6662855094584551,0.0345949832398332,20.39379725278276,12,346.8711031541418,100.1330623900731,0.0086826976596766,0.0718232592107883,716.2888280133028,124.23361800107668,40665.98150993719,330664.9766943186,1.4375730841876095,0.0335164222881058,15,3,-3.244935122201308,2.607986419463291,3128.95432268414,3140.3708735731,3151.87104021511,99.0,0.998544782400131,0.032348245382309,3140.3708735731,o,,9.22,,0.019999999999999574,0.019000000000000128
NGC_6178,4694,0.3400779998427427,0.3005150449744974,0.3848494373612979,0.0843343923868005,19.543787201001265,8,94.8604688263825,33.538240386835085,0.0851145659071367,0.1642098309500088,62.97291165218626,29.346922663415043,1177.4762615239215,2186.192777424002,0.7142536164919929,0.0628417681860746,4,10,0.3418479636211709,-2.5661490286310293,876.400537919121,878.322760573522,880.253433843264,19.0090111827756,0.993161648511887,0.786038935184479,878.322760573522,o,,7.22,,0.019999999999999574,0.019000000000000128
NGC_2548,4591,0.3622386490053165,0.3364435193309331,0.3900114916588101,0.053567972327877,20.28050128302332,12,224.01445263880456,64.66740226669025,0.0606326559422678,0.1400154101029104,365.1902274788845,89.85428065881203,4059.80741284683,8598.635881278782,0.6128104002668188,0.0744282684363738,4,11,-0.5848645803824672,-2.2889829860945143,746.393236120222,747.083521102862,747.775084056459,99.0,0.999353289604187,0.0961036682128906,747.083521102862,o,,8.59,,0.019999999999999574,0.019000000000000128
OC_0370,4992,0.4568874197442517,0.4087258708130813,0.5107240065457563,0.101998135732675,19.60374649297257,12,117.64920911349373,33.96240127581108,0.301087392064701,0.1649223846902336,59.579928189987065,25.43513727344079,450.3276387025945,243.2720635971371,0.7941947089241412,0.1160377542735155,3,7,-0.8143816226791806,-2.9347791639853926,850.617584560121,852.422820954779,854.235736027645,15.1528153116068,0.99980103969574,0.189005389809608,852.422820954779,o,7.94289207458496,8.20151090621948,8.46281433105469,0.2586188316345206,0.26130342483520863
OC_0395,5000,0.3393913560684394,0.2957612485168517,0.3894576897805163,0.0936964412636646,19.346582139839946,7,74.70934760800344,28.23747919752219,0.3995730752427922,0.1676750445832986,60.20416055964797,24.82185177787748,247.1770880087957,108.47255786457356,0.7749238032980262,0.1169629183805899,4,6,-0.4834667231650148,-2.524059122196477,794.666118666622,796.126064726781,797.59138503281,16.6563572825859,0.999732822179794,0.159889549016953,796.126064726781,o,6.96588134765625,7.18039560317993,7.37392282485962,0.21451425552367986,0.19352722167969016
UBC_26,6080,0.2542684215611526,0.2289386784578457,0.2824006438698141,0.0534619654119684,20.153441614746736,30,561.1465977508558,102.4508832184738,0.0868277181450981,0.1600520396738287,226.70682258492107,64.71763915551807,6689.465602138719,11971.455932254144,0.6944211763157593,0.1090996780226617,5,12,-1.4098907474402689,-2.6861889729063733,593.028178472288,593.520698060618,594.014036420076,29.4021870747152,0.987519472837448,0.871325254440308,593.520698060618,o,,7.55,,0.019999999999999574,0.019000000000000128
Alessi_62,94,0.3970670610132423,0.3609881548454845,0.4367518679641409,0.0757637131186563,19.98218948082189,13,171.5860992668115,47.58942146641099,0.1548218420599752,0.1629311959870358,121.5055850192674,40.87827819408618,1229.7865419164343,1206.8483942304968,0.679248538914516,0.064967708837416,3,8,0.6906253253499535,-2.7660923666902386,605.792814671549,606.343234465922,606.894655386298,25.1019339003784,0.995494604110718,0.865329891443253,606.343234465922,o,8.937000000000001,8.964,8.997,0.026999999999999247,0.032999999999999474
Theia_181,5529,0.2836026656143098,0.253904099260426,0.3167750035459081,0.0628709042854821,20.23985166262759,2,31.811217330650525,22.49392749230201,0.0745143321396044,0.1295832143884764,82.0983413048633,38.396477295667,509.01241833170207,802.3645809928406,0.7374701784435613,0.0845233646501334,5,7,-0.4889668282108044,-2.58387720028534,547.492545390152,548.033942720931,548.576411851526,19.165645645798,0.983852922916412,0.229867160320282,548.033942720931,o,7.81129741668701,8.05135774612427,8.27531909942627,0.2400603294372594,0.22396135330200018
NGC_7039,4838,0.23045838236134,0.2023729336493649,0.262441548100631,0.060068614451266,19.72744681571016,4,66.59051547202277,33.295257736011386,0.3018433055469403,0.1670597741608087,92.7227628277528,40.10303275206895,313.3356246944777,169.36513803350942,0.4574926323769506,0.0494292925250607,3,10,0.4992312366581734,-2.776204004429174,741.34004275426,742.595189446327,743.854593469484,17.3588696421262,0.990705251693726,0.263314083218575,742.595189446327,o,,7.34,,0.019999999999999574,0.019000000000000128
NGC_3532,4624,0.2434668819500765,0.230589725,0.2570631566800841,0.0264734316800841,20.50141196314548,60,2266.4232096943347,292.59397822013733,0.0170569350191341,0.1806581464133928,1572.1422331246367,279.97335055868854,134446.14375519793,1407436.589063244,1.1027588742676384,0.096934583002948,14,12,-1.975822387000581,-2.849205331435708,471.77554903684097,471.884919630786,471.994340946735,99.0,0.9979128241539,0.120137512683868,471.884919630786,o,8.597000000000001,8.601,8.607000000000001,0.0039999999999995595,0.006000000000000227
NGC_1039,4465,0.2599188573240066,0.2437464456920692,0.2771642975174487,0.0334178518253794,20.21546422004945,22,658.330766290965,140.3565909721717,0.1046773443150827,0.1544863271624551,571.2515603861146,137.59209334644024,6860.394360086544,9379.08698513034,0.544504099119121,0.0515541715706178,6,15,-1.0060776792695687,-2.784752859500651,489.383915548432,489.731769517474,490.080118347297,99.0,0.997925788164139,0.143492728471756,489.731769517474,o,8.078,8.101,8.207,0.023000000000001464,0.10599999999999987
NGC_2527,4586,0.341058231612124,0.3073072877827782,0.378515973993468,0.0712086862106897,20.13289982523709,13,182.56199758462128,50.633587941729616,0.0774462221594476,0.157677380360512,166.6609077022134,47.52614938484159,2523.9353168884923,4843.875478008145,0.7149533568207538,0.1303738290311758,4,6,-0.5527804438547834,-1.8643972934492272,623.181237202984,623.674110964122,624.167764969627,31.0223978338577,0.997016072273254,0.110194966197014,623.674110964122,o,8.908999999999999,8.919,8.943,0.010000000000001563,0.023999999999999133
Melotte_111,4430,0.1171875872487469,0.0996940024122412,0.1377508202388756,0.0380568178266344,19.55058608177705,12,315.3180083175973,91.02446849125072,0.817577170505681,0.0845052697148006,189.7747272281835,71.52139062047948,575.4484222539013,138.2018637566206,0.3996394873557861,0.0586027371475346,4,6,-0.219851151805233,-1.7722995610837875,85.2322211031994,85.2517926561765,85.2713731995016,21.8118415335458,0.988122642040253,0.0706822127103806,85.2517926561765,o,,8.81,,0.019999999999999574,0.019000000000000128
OC_0279,4963,0.1346665875798104,0.1143876279682968,0.1585406580457897,0.0441530300774929,19.679195287503617,6,135.89101335671427,55.47727389228057,0.2747985524771824,0.1517693027667463,79.43531701821578,44.58751885566582,573.9467041114859,342.544671175683,0.5485266876236136,0.0741714842140857,5,7,-0.2074560930457999,-2.493246920764425,280.423022436174,280.656710219604,280.890787810735,15.4515595578818,0.996699273586273,0.664074599742889,280.656710219604,o,6.97292137145996,7.22992444038391,7.42138051986694,0.2570030689239502,0.19145607948302956
UPK_185,7048,0.2983496265624369,0.2660309910141015,0.3345944746160317,0.0685634836019302,20.14230317559471,12,175.02027857379994,50.52400247411334,0.1069925150961551,0.1612943794946051,98.73903887998608,38.35873028284007,1734.5570063004889,2511.142336289967,0.6626011583661492,0.1261322012204952,4,7,-1.6137906141108052,-3.032837209458481,547.243202941928,547.809559931515,548.377090412322,21.7656420038853,0.998080104589462,0.265201330184937,547.809559931515,o,,7.85,,0.019999999999999574,0.019000000000000128
Teutsch_35,5400,0.2431799642802797,0.2178838284178418,0.2714129610112709,0.0535291325934291,20.312069685877464,7,130.76991277193366,49.42638116630652,0.1337308333110995,0.1720371068027434,182.2700328597222,59.22020938698018,1160.1291363599755,1312.467837117388,0.6261071020443559,0.0672422428404495,5,8,-0.914665499177294,-2.7604234043730136,489.537914377216,489.863676963786,490.189873395927,26.3482136955356,0.992964446544647,0.137634575366974,489.863676963786,o,7.888,7.9,7.937,0.012000000000000455,0.03699999999999992
Pozzo_1,5201,0.1028495285455862,0.0934807424682468,0.1131572690026768,0.01967652653443,20.28080979187503,1,50.82197806864932,50.82197806864932,0.1312015728345867,0.1664852986598557,169.96507683764406,90.18347321537162,557.3230708818427,632.2818064249884,0.4346165951449704,0.0216721425243369,8,17,0.6821732483801286,-2.806596460863004,346.717827303084,346.884458911568,347.051250762424,22.865509846663,0.994903385639191,0.354742661118507,346.884458911568,o,7.087000000000001,7.117000000000001,7.178,0.03000000000000025,0.060999999999999055
NGC_2301,4539,0.3859074065835319,0.3624740755745574,0.4108556624910823,0.0483815869165248,20.186695921395263,5,103.34510128050884,46.21733432096367,0.0626711925694429,0.1416506720813295,350.51213517639246,87.46341360336329,1999.5169975937947,3800.37737541717,0.6777001510370207,0.0333358287991599,5,15,0.4526246114381413,-3.0500251098863576,838.785636385975,839.605147865131,840.426262270812,32.8200036984334,0.998904317617416,0.122829392552376,839.605147865131,o,,8.33,,0.019999999999999574,0.019000000000000128
Trumpler_10,6048,0.142131784097429,0.1305200341449145,0.1547765765084676,0.0242565423635531,20.48739909313207,13,535.9378845161885,148.64242485283197,0.044840039646011,0.1732436904052889,880.9994301623808,207.4986493145128,12833.216438602623,46297.80395498921,0.6564070579885738,0.0292357242429517,9,14,-0.7426928098290343,-2.895211968818588,427.961720405854,428.136966500625,428.312356177279,28.4629485276817,0.993095815181732,0.0838848054409027,428.136966500625,o,7.721,7.74,7.751,0.019000000000000128,0.01100000000000012
Ruprecht_145,5301,0.36884448988862,0.3379080651810182,0.4026132304605277,0.0647051652795095,20.03390057236101,11,170.0018839683485,51.25749661604971,0.0314503601225867,0.1774353936919397,154.30940237127015,49.05913882193611,5559.712816059312,30539.549093570648,0.6997562877215918,0.0689409605964888,4,8,-0.0436514894482852,-2.45368734367049,590.316067724273,590.87730303456,591.439606534734,25.8599608939284,0.990821778774262,0.569390118122101,590.87730303456,o,,8.91,,0.019999999999999574,0.019000000000000128
Platais_10,5199,0.1386100131796893,0.1198694624482448,0.1602804864664258,0.040411024018181,20.305206349935343,6,148.47433703487889,60.61439427224473,0.1077020383201178,0.0669330455768965,103.22919882602528,48.531238811067965,1481.794909844191,1026.1981725204407,0.5199906014235498,0.0555938004883587,5,7,-0.552716407133182,-2.8180598083083206,238.592691605318,238.720661977303,238.848769698041,19.5657992842691,0.998408377170563,0.280244544148445,238.720661977303,o,7.888,7.962000000000001,8.055,0.07400000000000073,0.09299999999999908
UPK_168,7043,0.2930996987166906,0.2612225993359335,0.3288667734193145,0.0676441740833809,19.67869231394955,10,147.83239111876213,46.74870678841359,0.3706756284373544,0.1437789262550851,141.93669456819245,46.178678362993,540.7554454582212,204.86265540733032,0.6129000747881332,0.0464893349367134,4,10,-0.0553849240670754,-2.586042455970977,587.929550931174,588.52487065097,589.121397198326,22.613667922257,0.996943831443787,0.560677766799927,588.52487065097,o,,7.56,,0.019999999999999574,0.019000000000000128
NGC_225,4443,0.4465384179636018,0.4079777726687669,0.4887436818263243,0.0807659091575574,19.552352157668704,5,61.90730782521179,27.685789720235647,0.6007542387378583,0.1251714771982255,102.3147870707318,35.95006582875024,205.3640938143257,62.26753435914694,0.642046596400398,0.0220578140465064,3,10,2.889538638229193,-2.781923206497578,678.93536120377,679.644102466466,680.354324986791,23.3301115763773,0.992491036653519,0.764735877513886,679.644102466466,o,,8.46,,0.019999999999999574,0.019000000000000128
Collinder_394,1347,0.37396446353461,0.3513313874797479,0.398055582195286,0.046724194715538,20.118428440046262,14,299.6306321646317,80.07965486732428,0.0499582591279205,0.1697066470024689,416.5033647386512,89.23895547196813,6414.122925448582,20436.880433604467,0.698174823511762,0.0233409319636365,6,16,0.2606185384388475,-2.7470748647642367,702.998433347242,703.597028963705,704.196644844392,99.0,0.999338120222092,0.621231377124786,703.597028963705,o,7.954,7.968999999999999,8.032,0.01499999999999968,0.06300000000000061
NGC_6716,4797,0.3724927892656073,0.3495148722632263,0.3969813277369675,0.0474664554737411,20.109226556034,14,294.9451325209002,78.82740241356036,0.042546818437024,0.1833480302511339,389.8473714228187,92.63499218163425,7322.096205903014,29930.847449137244,0.7041092535891704,0.0272531204721294,6,16,0.0296658644129321,-2.710422149197591,702.998433347242,703.597028963705,704.196644844392,37.603573447692,0.999377250671387,0.634507924318314,703.597028963705,o,7.912000000000001,7.932,7.964,0.019999999999999574,0.03200000000000003
NGC_2516,4585,0.1874712723458571,0.1780295785913591,0.1974137007628707,0.0193841221715116,20.630003601491524,47,2424.664866644041,353.6737201582766,0.0790358024264584,0.1789736149965389,2823.4448542857094,452.5033177883544,33501.502041092324,69614.75672107592,1.1081587628372684,0.0707963609386039,18,14,-1.813683502776688,-3.305672808813891,406.998966444269,407.0884840903751,407.17804112317503,99.0,0.989360302686691,0.204631477594376,407.0884840903751,o,8.394,8.4,8.405,0.006000000000000227,0.004999999999999005
COIN-Gaia_13,303,0.3062289913444633,0.2858537995559556,0.3280564935135339,0.0422026939575782,19.9393684296532,3,71.08550944675645,41.04123801456652,0.195513098245663,0.1345104950217413,271.94973633174834,87.4758851841126,635.5341206241869,338.06400805986823,0.6780738508470276,0.0282437221290616,6,12,0.4185423566543154,-3.127915955930976,503.341943172503,503.680158396795,504.018828446893,33.6447775337384,0.982638955116272,0.226546928286552,503.680158396795,o,,8.27,,0.019999999999999574,0.019000000000000128
NGC_2362,4555,0.3769159399513514,0.332864131330133,0.4267976402915902,0.0939335089614571,19.6589930280118,3,31.9374846438555,18.43911535636951,0.2682821846711883,0.1577610827517692,92.34873948853271,32.04660556773767,211.39311316917303,103.20496716585288,0.6682605936043554,0.0437617697697194,3,11,1.985587360597377,-2.3863056980243016,1225.48075137253,1228.40521765575,1231.34367511983,23.9686661484492,0.992882311344147,0.384137108922005,1228.40521765575,o,,6.76,,0.019999999999999574,0.019000000000000128
Alessi_21,80,0.2728275964396917,0.2426400733138313,0.3067708328738631,0.0641307595600317,20.086706589681185,7,109.15198959163142,41.255574223909626,0.1371875761052788,0.1743885364514563,124.65801844024308,43.028295121660506,920.2985034639546,1056.0314566776492,0.6330824865784316,0.0706726723039886,4,9,-0.2122653066932218,-2.430447472904836,560.197613491368,560.754739834811,561.312975425242,21.872083977386,0.99914026260376,0.153509646654129,560.754739834811,o,7.79,7.816,7.839,0.0259999999999998,0.023000000000000576
Melotte_22,4423,0.0971323045383177,0.0899999999999999,0.1048298287213834,0.0148298287213834,20.073389871547885,19,1281.20158074405,293.92780088252005,0.292365574325729,0.0863344753387935,1149.0355229409795,312.94684963491915,5531.225812269105,1668.2933110904585,0.3988663846062611,0.013494781829584,10,16,-0.2153257258711697,-2.6233388805805324,134.822899332226,134.841343079548,134.859791873762,99.0,0.995689570903778,0.102094501256943,134.841343079548,o,7.925,7.937,7.966,0.012000000000000455,0.028999999999999915
Stock_2,5361,0.2337114339124411,0.2206654188193819,0.2475287457076248,0.0268633268882428,20.65337255668865,58,2159.077326546052,283.50074201706843,0.0208272983713152,0.1846472628370926,1580.9657596277725,254.41396872993184,105246.70713680408,919163.6426734956,1.1672369524417776,0.142532294226222,14,10,-1.9189415284111329,-2.786787644245901,370.149796023002,370.24623324588,370.342720732525,99.0,0.987882196903229,0.899598777294159,370.24623324588,o,,8.6,,0.019999999999999574,0.019000000000000128
Stephenson_1,5359,0.1503687455581328,0.1322690044824482,0.1709452621133689,0.0386762576309206,19.76726315291988,9,232.70090105110705,77.56696701703567,0.5175571958692137,0.1578902255205555,245.2951075237655,82.43844817599714,694.9089915705257,219.25136126586568,0.3172116522857466,0.0313772871264237,3,13,0.5423625803446592,-2.290348730169391,354.501930359053,354.681300345957,354.86085193909,21.0861363687166,0.994969040155411,0.173754185438156,354.681300345957,o,7.323,7.435,7.488,0.11199999999999921,0.053000000000000824
IC_4665,4299,0.1466252380315728,0.1301633851825182,0.1651690327327383,0.03500564755022,20.205804817696723,5,142.83409535066758,63.87734934175588,0.1898958661978357,0.1667681766755533,201.90745577347457,77.26982423194919,954.0780965069667,745.2958086438617,0.3353503661948647,0.0265266996257489,4,12,0.4441223271653473,-2.233671654596848,343.106050586295,343.3451513748,343.584585640691,24.0540126393434,0.986871272325516,0.558919459581375,343.3451513748,o,7.55,7.581,7.636,0.031000000000000583,0.054999999999999716
OC_0470,5020,0.1224965773723432,0.1110982909720972,0.1350642870978738,0.0239659961257766,19.735572625253702,9,375.5320643784985,125.17735479283284,0.5580732568433385,0.1571822381087669,291.7327796421854,105.76421106608112,964.6409682600056,312.11819445779804,0.4891521484371308,0.0283876841911056,8,15,0.0137836112976397,-3.1375426958574173,388.97430025722304,389.179612667227,389.385141931903,23.6602319388767,0.977953165769577,0.26437708735466,389.179612667227,o,6.6422176361084,6.84557938575745,7.04034614562988,0.20336174964904963,0.1947667598724303
Alessi_5,70,0.1639012965665758,0.149016331480148,0.1802730932198758,0.0312567617397278,20.44655192704592,10,319.930774763844,101.17099418360657,0.0123252248070708,0.1633245093729999,275.1404662969058,93.41602962978102,26232.53919709362,344065.656907566,0.6297351161328313,0.0730692488056877,8,12,-1.4408716237359978,-2.844188216397794,391.63442059254095,391.824042305634,392.013847729912,22.0361203840045,0.995900630950928,0.402730762958527,391.824042305634,o,7.609,7.723,7.74,0.11399999999999988,0.017000000000000348
IC_2395,4290,0.1853859677567601,0.1716704799244924,0.200197244489716,0.0285267645652235,20.15096862139152,12,420.6575888605671,121.43338608265368,0.2234196575670007,0.1704017924187443,483.4423036158756,135.70413373241817,2366.2559890428943,1541.4218104187487,0.476100509101382,0.0267489987735384,7,22,-0.3411072385558237,-2.661680021180184,695.065886858264,695.69772827001,696.330719462854,99.0,0.978178024291992,0.305173248052597,695.69772827001,o,,7.31,,0.019999999999999574,0.019000000000000128
UPK_445,7094,0.24200437430973,0.2154074048634863,0.2718853477769719,0.0564779429134855,19.67073881298834,4,70.82410926558195,35.412054632790976,0.4910216512728694,0.1649183804439247,64.07273353608306,35.269093254003685,208.310994887666,93.76564027102586,0.5284899650417283,0.0516643851812133,4,9,0.4986545315447289,-2.917291123829574,660.199961175634,661.592913855251,662.991756931121,15.5818695943711,0.885538041591644,0.616775631904602,661.592913855251,o,,7.11,,0.019999999999999574,0.019000000000000128
NGC_2168,4511,0.4788121682429481,0.4535896035533553,0.5054372733887967,0.0518476698354414,19.658254216160103,15,289.3090479785935,74.69927498188102,0.064459231598165,0.1689627958440903,606.5846372617845,120.36786298443072,5094.833113168675,11822.304613328264,0.902339783794906,0.0686336839541813,6,15,-1.2119488191829395,-2.819871748382768,837.952598692384,838.533549268592,839.115305947018,99.0,0.999512195587158,0.592984944581986,838.533549268592,o,8.604,8.605,8.607000000000001,0.0010000000000012221,0.002000000000000668
ASCC_127,64,0.1398347338010898,0.1222677274447444,0.1599257071826941,0.0376579797379496,19.72412284118155,10,265.5479680425487,83.97364070440585,0.584600304809259,0.1045817248485501,202.1845420046732,77.10090428764525,656.4230462579178,182.1568478168076,0.3669992194087128,0.0314233876240372,4,9,0.0629724982359524,-2.466170783141896,373.95730880238096,374.193441773798,374.42987314297,23.6370413933294,0.994124561548233,0.294033765792847,374.193441773798,o,,7.26,,0.019999999999999574,0.019000000000000128
Theia_274,5555,0.3653825588909034,0.3348416016246625,0.3987091618660783,0.0638675602414158,20.152685053620065,13,203.54621267605515,56.453562056155,0.1342234247680136,0.1696282999953101,206.98662813694745,59.5730301595677,1723.459725346739,1962.9953631587448,0.7147105474146193,0.0740516699233467,4,11,-0.5125301313485342,-2.7082380762379783,744.979096424631,745.584547147029,746.19098277957,27.7050719876869,0.996686100959778,0.205945029854774,745.584547147029,o,7.825147151947021,8.09691143035889,8.32715892791748,0.2717642784118697,0.2302474975585902
Trumpler_29,6066,0.63037937490978,0.5813425766096609,0.6835524737051251,0.1022098970954641,19.276123707092893,12,117.4054601463104,33.89203700990209,0.0872970451797208,0.1662429906549394,74.7502136028537,27.39252177648381,1419.646365638751,2590.539331370992,1.0179341290741948,0.1358639398054928,3,10,-0.0097392127360592,-3.287074684017662,1381.05758158302,1384.74345382977,1388.44905300154,24.1904806721586,0.998936772346497,0.705182611942291,1384.74345382977,o,7.72,7.762,7.795,0.041999999999999815,0.03300000000000036
IC_2391,4289,0.105528929970936,0.0899999999999999,0.1237372784534526,0.0337372784534526,18.95256308514831,20,592.8160455382919,132.55769759762316,0.8397959188507002,0.0810140894549656,333.0955063420817,94.75304227826946,1039.0003961271957,196.29195859192475,0.379425492793592,0.0384198947330389,5,8,-0.4734914001134015,-2.294053471570288,150.161152775643,150.190660132095,150.22017908749,26.0630562623784,0.997392505407333,0.0909974724054337,150.190660132095,o,7.54,7.561,7.582999999999999,0.020999999999999908,0.021999999999999353
NGC_7082,4845,0.5913951813146111,0.5511585995829583,0.6345691798091939,0.0834105802262356,19.63474859000346,10,119.888867489914,37.91218873662421,0.1758738549079836,0.1500035375130617,122.60753697574476,40.785326826170326,804.2828636048179,621.4192090258676,0.9429627158402862,0.0574315014564263,4,11,0.2939653091249942,-3.1055124023196554,1319.06176448738,1321.37165591401,1323.68965152262,30.0404595475528,0.999918818473816,0.744578957557678,1321.37165591401,o,,7.79,,0.019999999999999574,0.019000000000000128
NGC_2204,4520,0.7324989959867031,0.7066491325322533,0.7592944707917523,0.052645338259499,20.1158728442981,10,189.9503418651823,60.06757226216125,0.0443693271959685,0.0975622109308393,274.3106407523662,79.28694368614663,4555.429013952344,9510.78680395792,1.2570477994970053,0.1058884765989517,8,6,-1.819670469274536,-3.704933376657678,4090.03765852753,4113.4638553108,4137.15995085419,99.0,0.999199599027634,0.0514993220567703,4113.4638553108,o,,9.32,,0.019999999999999574,0.019000000000000128
BH_56,136,0.246847941191389,0.2214318518911891,0.275181305444576,0.0537494535533868,20.2545935607704,6,111.62904184766218,45.572365500427104,0.1737517867297887,0.1680787471474714,159.46203007140866,52.65304536736034,801.9247290090767,676.6168829573634,0.6043068651597878,0.0487718634835624,5,12,-0.2840569635466659,-2.6118472115913804,878.583559382575,879.946994541833,881.314667988339,24.0204684310723,0.968765109777451,0.66675341129303,879.946994541833,o,,7.25,,0.019999999999999574,0.019000000000000128
RSG_8,5207,0.1617094118271958,0.1393187422762276,0.1876986071382275,0.0483798648619998,20.135337950904788,4,82.67902383377289,41.33951191688645,0.0888906612206902,0.1664164582068567,79.33814182840518,41.08665373612799,1009.458614534806,1802.824173763204,0.5560110099509916,0.0821925370581753,5,9,-0.4747650022113009,-2.4724236031926887,480.91305197172,481.42407064553,481.936176492444,15.8122868604844,0.995045036077499,0.420303657650948,481.42407064553,o,,7.43,,0.019999999999999574,0.019000000000000128
UBC_159,6155,0.164814047171836,0.1472782382838284,0.1844377720815177,0.0371595337976893,19.39349749135676,2,53.82198848050044,38.0578930315061,0.564879562592373,0.1159614687506443,148.60363408769263,69.84817446959471,243.8841010132403,98.9976373759156,0.5413931294757015,0.0377484067826923,6,11,0.2128996451040917,-2.7573689106969304,486.521232538962,487.016155301246,487.5120860276489,21.5750147787611,0.892139434814453,0.424844086170197,487.016155301246,o,,7.16,,0.019999999999999574,0.019000000000000128
OC_0343,4981,0.3277125188142951,0.2876746442244224,0.3733227698157079,0.0856481255912854,19.48808819900573,2,23.351357501319296,16.51190323909423,0.2307025788603834,0.1604685325155894,40.530764112591655,21.509319727839483,141.74921436429463,102.6740297744876,0.856215840618574,0.1065858665450647,4,8,-0.0519077522574349,-3.050790105735828,641.212055158987,642.379065805114,643.550332132494,16.482548397539,0.995334684848785,0.147938758134842,642.379065805114,o,7.24722671508789,7.48846530914307,7.74074268341064,0.24123859405518022,0.25227737426757013
IC_4756,4301,0.2730780172634121,0.25,0.2982864140500654,0.0482864140500654,20.35117171076047,25,517.7439760608214,103.54879521216428,0.0342867217355665,0.1564472327643472,309.1564749140157,74.30308906287088,15409.578733241267,68968.06688395675,0.6268123596508872,0.090440356023187,5,8,-0.5010008873637609,-1.812144513064442,466.503293711442,466.754053431941,467.005082879393,37.5451336661724,0.993589818477631,0.359930843114853,466.754053431941,o,8.972999999999999,8.987,8.992,0.014000000000001123,0.005000000000000782
Melotte_186,4431,0.1729831224232094,0.1516995462081208,0.1972528026038432,0.0455532563957224,20.19374600146099,6,131.7139645929553,53.77200087529178,0.0796935553047625,0.1525679111933177,168.5251803210318,59.39618947783966,1821.2807148088243,3235.7766569472656,0.6829064492885752,0.0610935858969302,6,8,-0.6172384572904326,-2.761864658326906,540.235279397053,540.834285377196,541.434621172186,25.6826517596911,0.996123403310776,0.409266710281372,540.834285377196,o,,7.57,,0.019999999999999574,0.019000000000000128
ASCC_113,59,0.3059965184399517,0.2760888278142814,0.339143999554944,0.0630551717406626,20.065623613489453,33,523.3512032244482,91.103750698906,0.2562683613048572,0.1573994785229545,243.1993276067633,63.93475665737222,2285.399155005156,1305.287088800642,0.6707605877103247,0.0823198944399037,4,9,-0.9496356908949688,-2.444831395274172,557.084683742845,557.418698016513,557.753113063961,32.2741278152068,0.998816311359406,0.108024314045906,557.418698016513,o,8.522,8.629,8.677,0.10699999999999932,0.04800000000000004
Theia_759,5649,0.3720454294775596,0.3335518381238124,0.4149813785279215,0.0814295404041091,20.084215017602222,9,110.52500057517008,36.84166685839003,0.1576908014803693,0.167292938607259,56.77240466702726,26.25769413123546,757.6693468956403,779.8582703881116,0.8565571813139135,0.1128551894978537,4,7,-0.6925250728778222,-3.444487837544444,713.124459706717,714.274838937614,715.428935641972,17.384642455753,0.983438044786453,0.161462515592575,714.274838937614,o,8.13346481323242,8.38712215423584,8.6311502456665,0.25365734100341975,0.2440280914306605
ASCC_79,40,0.2997019833001162,0.2697488244434444,0.3329811686087814,0.063232344165337,19.362898287239613,3,47.44407375054348,27.391848751328737,0.1883685185767036,0.1560827914792296,85.71088555505035,38.16505323281788,337.5792662644536,257.2114582842189,0.653547289351412,0.0511249198396742,4,14,0.9400950674115408,-2.897508458711876,814.722235142254,816.380555518953,818.045640496618,22.3510979611766,0.973008781671524,0.62529668211937,816.380555518953,o,,7.27,,0.019999999999999574,0.019000000000000128
HSC_1865,3293,0.2880312204873459,0.2595314100620062,0.3196606682621157,0.0601292582001095,19.503471491278297,12,199.57006554220447,57.61091553149151,0.4168346047593316,0.1598767367615874,128.74563136271524,46.29347535717076,607.5208176441674,234.4497373074801,0.617191787729388,0.0897701565351473,4,12,-0.8607681574107072,-2.665007059780365,860.21995865389,861.83612540616,863.458376443162,22.5810464504781,0.997184753417969,0.161208316683769,861.83612540616,o,6.68609094619751,6.884605884552,7.05566549301148,0.1985149383544904,0.17105960845947976
Alessi_37,87,0.3772678272582825,0.3438435778202819,0.4139411716992371,0.0700975938789551,20.07985932406902,17,242.51902325428856,58.819502888179855,0.2156735297726966,0.1476731654910152,170.2275216913272,47.07356099400804,1294.7003464736963,818.164784435685,0.7490031158929864,0.0446518281446203,4,10,0.5439504977546429,-2.7706172186201714,713.134780990185,713.71222824741,714.290611416228,28.3538811140296,0.997253775596619,0.411441326141357,713.71222824741,o,8.077,8.125,8.17,0.04800000000000004,0.04499999999999993
FSR_1197,1639,0.4534161064800127,0.4107197857935794,0.5005509175027137,0.0898311317091343,19.535697362753822,14,155.84797534701912,41.65212344078122,0.4984770610085146,0.1652814012235178,60.60234895696912,25.75633617531293,373.25058803884144,135.61717335430893,0.7735157417533773,0.114287346467915,3,9,-0.6700524941264063,-2.944340733511988,826.377300748545,828.003422456245,829.635956453797,15.5801440624106,0.99953705072403,0.141187831759453,828.003422456245,o,,9.0,,0.019999999999999574,0.019000000000000128
Ruprecht_91,5268,0.4121455237851177,0.3812762740249025,0.4455140388961488,0.0642377648712463,20.379193787481288,18,280.2090022291084,66.04589520857297,0.0332189040395518,0.1669354514542948,232.94142306520823,56.26910518284149,8668.168602609701,42436.31032432918,0.6883899112961245,0.038154067303492,4,12,0.4229576138742312,-2.793511662155285,1030.18338418852,1031.48464317665,1032.78919364962,22.8122042234348,0.998647779226303,0.116329222917557,1031.48464317665,o,,8.14,,0.019999999999999574,0.019000000000000128
UPK_599,7127,0.2004508893224568,0.1696656876767676,0.236821950155958,0.0671562624791904,20.125301658644,20,297.8128809088708,66.59298462872844,0.2554394084878653,0.1976885069052865,86.01247393817012,35.83757643479471,1251.8971065085532,939.8866977689704,0.6683480261761147,0.0939248310650211,4,6,-0.4773628715520657,-2.6286675427125,662.369805463637,664.101687371729,665.842649639385,15.7991588044378,0.949227869510651,0.189155906438828,664.101687371729,o,,7.29,,0.019999999999999574,0.019000000000000128
NGC_2396,4560,0.5407264903356287,0.494326725640064,0.5914815489130203,0.0971548232729562,19.913364743070385,9,92.63564789485046,30.878549298283488,0.2486060507439675,0.1533511990702175,83.90510568253816,30.66983713254092,456.52535212317423,263.05579387712424,0.8651479517078574,0.0778794587847738,3,9,0.2204885595693148,-3.0195905728295447,1378.84472045517,1382.85562263461,1386.88992740434,21.6376974306501,0.999333947896957,0.257386669516563,1382.85562263461,o,7.882000000000001,7.89,7.902,0.007999999999999119,0.012000000000000455
NGC_1545,4478,0.3949405533458326,0.3631649018741874,0.429496462549535,0.0663315606753475,20.195739036595988,4,60.30311904731979,30.15155952365989,0.1119974060560986,0.1640264043780412,106.96265741018348,39.76113660414183,645.3958334170849,834.2023779032146,0.6358338173640266,0.0608924382962883,3,13,2.1381171573232134,-2.917089932335633,695.26614647498,696.288010404289,697.312882513618,24.0740183791175,0.990916877985001,0.987116932868958,696.288010404289,o,7.999,8.019,8.033,0.020000000000000462,0.013999999999999346
UPK_166,7041,0.2364758994792017,0.2053861383563356,0.2722717875803155,0.0668856492239799,19.86212578069221,22,328.9195852211677,70.12589119254322,0.2298275425361496,0.162932432968469,208.33113075872137,61.08775947602633,1639.4893879090016,1061.2432880936144,0.9439497283098616,0.1376729641922826,5,7,-1.6724777684211165,-3.148182730148908,649.597192781227,650.238370920288,650.880816046315,23.3967043986749,0.998396039009094,0.183052524924278,650.238370920288,o,,7.43,,0.019999999999999574,0.019000000000000128
UPK_545,7114,0.1692008501224264,0.1550866171737173,0.18459960120275,0.0295129840290326,20.25908593790106,5,169.41695882332232,75.76556729404629,0.3700533960161865,0.0942647111846705,447.5854025919151,123.36289670763738,905.4030058004852,265.9666955442216,0.5832544193689092,0.0284140107446806,8,11,-0.2942910599257717,-3.232844230264837,333.905984935698,334.019147507193,334.132386807525,23.6349331334324,0.996338069438934,0.0856693089008331,334.019147507193,o,,7.9,,0.019999999999999574,0.019000000000000128
Mamajek_2,4415,0.1462835641080438,0.1254120232288228,0.1706286253679875,0.0452166021391646,19.907623643712675,9,199.04193535596505,66.34731178532166,0.244432574514976,0.0950206843168894,148.70604119606037,56.86633737163631,963.0080455460168,420.8504981381389,0.5425787420455535,0.0880838071767371,5,7,-0.9703840853235984,-2.522135925315637,204.278655528564,204.378581734276,204.478605748869,22.212200164668,0.8785040974617,0.746374070644379,204.378581734276,o,7.73071765899658,7.99414491653442,8.25039863586426,0.26342725753784,0.2562537193298393
OCSN_77,5109,0.3011490337826438,0.2680935565536554,0.3382801948470901,0.0701866382934346,19.960881971206447,12,170.97271349328165,49.35557107971346,0.5072257014988607,0.1499851490790294,119.3710198227325,42.08968049475005,456.4452512507819,145.5138271900698,0.6271367986448525,0.0550260007428446,4,8,-0.2660185037442912,-2.72046081654481,530.471970002391,531.035318183758,531.599864160973,20.7552012039976,0.989763647317886,0.12774783372879,531.035318183758,o,7.85204553604126,8.11907434463501,8.39881134033203,0.26702880859375,0.2797369956970197
CWNU_1024,569,0.1780153281084979,0.1625336774687468,0.1949716362485531,0.0324379587798062,19.75890730473095,10,308.28080360670947,97.48694983042527,0.6798465560035528,0.1105891872635804,232.7156773354352,89.68325008758326,686.1721240650093,184.5164212062243,0.6539905386041872,0.0491423818700924,8,9,-0.3064198758895806,-2.9780490826875727,394.674488068004,394.9051572808231,395.13609628256,19.7755507116035,0.986861824989319,0.173434272408485,394.9051572808231,m,7.21377515792847,7.51102209091187,7.781575202941889,0.2972469329833993,0.2705531120300195
NGC_2447,4573,0.4280817298034667,0.4024505306585658,0.4553453242853311,0.0528947936267653,20.200969696446244,10,189.054523410408,59.784289593451305,0.0604911710318314,0.1635382976714527,444.4671845378692,89.21671050779914,3569.7914291441484,8507.408380636865,0.688546405015824,0.0785732574014045,4,11,-0.4374027179011534,-2.403576775035857,970.11817694923,970.911557095697,971.706235985493,99.0,0.998974621295929,0.0674629509449005,970.911557095697,o,8.742,8.747,8.753,0.004999999999999005,0.006000000000000227
NGC_1980,4503,0.1719890555746436,0.159063685270527,0.1859647297065283,0.0269010444360013,19.128506072164267,7,260.2129451387395,98.35124867954264,0.7949005113745984,0.1132469004815269,239.59127273984043,97.00051024693376,566.944119310238,163.98980012721597,0.5975771985626425,0.0334017119910852,8,14,0.0999515129391204,-3.062352750158749,378.028425181114,378.28197177289104,378.535858704262,23.0287531902792,0.895485013723373,0.50961646437645,378.28197177289104,o,,7.12,,0.019999999999999574,0.019000000000000128
UPK_569,7120,0.1297092293599233,0.108994935530553,0.1543602379252659,0.0453653023947128,19.747641338794505,8,176.34622889524414,62.34780714425112,0.7105379131315076,0.0558046488466372,100.42648993145345,48.65012279674742,348.6134277938468,102.20751879828796,0.5866509560515523,0.0792009327853257,5,7,-0.4563701052870348,-2.5634716612507624,245.485812564964,245.606624391122,245.727555186956,18.3082748174164,0.99327689409256,0.618763536214829,245.606624391122,m,7.1467342376709,7.43425035476685,7.62388181686401,0.28751611709594993,0.18963146209715998
Alessi_12,75,0.261673252919281,0.2395816042189218,0.2858019567762379,0.0462203525573159,20.31486138780624,10,216.35490528981583,68.41742836658302,0.0705230993543727,0.1729550121825347,219.6692783070216,71.27614635454623,3287.527997939441,7586.421413346177,0.7047561512566182,0.0579165668853699,6,10,-0.7516164805425546,-2.839443138431685,538.436632118123,538.850365840041,539.26473587537,28.8324703612665,0.996789366006851,0.136983379721642,538.850365840041,o,8.067,8.089,8.105,0.02200000000000024,0.016000000000000014
ASCC_58,25,0.1967959468411635,0.1761303367996799,0.2198862807896499,0.04375594398997,20.28824037649696,2,45.70807569500618,32.32049027892689,0.083614565431259,0.1724290606915553,124.37351093369293,55.25175318146912,671.0255859550425,1193.0098093985932,0.9301739786356604,0.0978014680843383,8,8,-0.8154135484440505,-3.440294503002122,471.106093181106,471.438096675853,471.770568447521,19.4318496562958,0.996866464614868,0.127982422709465,471.438096675853,o,7.745,7.826,7.887,0.08099999999999952,0.06099999999999994
BH_164,161,0.127008487248726,0.1133322665651565,0.1423350676917394,0.0290028011265829,20.41065220493026,28,965.4239905240122,182.4479849044367,0.0251555117640359,0.1470626505303691,455.5806418983336,130.23029988279652,38833.80961930478,224481.7443847549,1.4457064424164423,0.1429112374190277,11,8,-1.7523745227431613,-3.732885657850988,411.923487450435,412.229125355034,412.5352171492231,26.3401196936731,0.993402004241943,0.203009486198425,412.229125355034,o,7.605,7.81,7.892,0.20499999999999918,0.08200000000000074
UPK_640,7143,0.0992268185857092,0.0899999999999999,0.1093995725182361,0.0193995725182361,18.927961283634087,22,1134.0456074132262,241.7793358804332,0.4703799028287124,0.0651360651130791,551.162025980554,169.02149987632816,2962.076269113484,635.7913093729045,0.4311532520758449,0.0229946185770442,8,13,-0.5194553871090785,-2.8117153543828324,173.816410307343,173.862579778157,173.908773782746,22.7017380667686,0.994458079338074,0.243651792407036,173.862579778157,o,,7.4,,0.019999999999999574,0.019000000000000128
Platais_9,5198,0.1053665849950613,0.0899999999999999,0.1233568581502387,0.0333568581502387,19.63599407833264,15,449.68263894759633,116.1075581148429,0.6895938089482672,0.0610197117660118,209.1739846494933,80.40231682521105,861.271832850058,195.3018355723877,0.4539527369336732,0.0452183397405356,5,8,-0.5422037845448481,-2.5968004237744498,185.197527771035,185.258225861858,185.318879396771,20.7017442348914,0.952157527208328,0.0931283831596375,185.258225861858,o,7.871,7.894,7.947,0.022999999999999687,0.052999999999999936
Alessi_3,69,0.2011164301449215,0.1726932398679868,0.2342177291083133,0.0615244892403265,19.97571110975964,8,130.0295231830443,45.972378798592,0.6731794192913733,0.0943900342206633,119.34506748387886,46.20163399448491,312.50237362957284,86.78612042232662,0.5479495747081525,0.0746855299400756,4,5,-0.2699176470761015,-2.0029015232185934,276.472159169827,276.579168115443,276.686259929064,17.9498956808545,0.994145274162293,0.107687294483185,276.579168115443,o,,8.8,,0.019999999999999574,0.019000000000000128
NGC_6633,4780,0.2536387647644783,0.2279141620577058,0.2822668956173154,0.0543527335596096,20.17238154034059,17,312.7717574932231,75.85829369733123,0.1258173863847187,0.168010248376925,249.6104504918627,70.24071882464028,2735.528863522982,3374.611632427509,0.5967193368056661,0.107099352476437,4,8,-0.662888200297327,-1.8633012739396504,389.326616067471,389.528090081518,389.729772726538,31.4629404849237,0.995427668094635,0.387205123901367,389.528090081518,o,8.856,8.888,8.894,0.03200000000000003,0.006000000000000227
NGC_2323,4545,0.4813856108563478,0.4513630572217222,0.5134051239503763,0.062042066728654,19.943646043541115,15,241.7714430050129,62.42511815646338,0.2885207134921702,0.1714834781065213,305.8600636111036,69.91779219949493,1143.8291649580474,547.4993246088699,0.7481593938312213,0.0265027396136238,4,14,1.506153601058814,-2.7008119022381605,955.596288539681,956.502448642743,957.41032893984,31.869704066801,0.99967697262764,0.583438545465469,956.502448642743,o,7.957000000000001,7.975,7.985,0.017999999999998906,0.010000000000000675
IC_2602,4293,0.1010521810659514,0.0899999999999999,0.1134615922020647,0.0234615922020648,19.01364558234024,26,1108.1941829042532,217.3347601338,0.7584571355783087,0.0670720449267748,476.5016407753988,129.45139851805786,1937.6180716456504,339.9453994188248,0.2865239952580092,0.0168954777639834,5,13,0.2030204386427486,-2.162369666539528,150.523011934279,150.551419566163,150.579837922597,29.9756857540972,0.999614417552948,0.114341735839844,150.551419566163,o,7.533,7.547000000000001,7.563,0.014000000000000234,0.015999999999999126
NGC_5460,4658,0.3689349150015704,0.3318782956050605,0.4101291747900024,0.0782508791849419,20.0359297747164,12,153.3529095773942,44.26917181276044,0.1687455496241919,0.1789319635250164,116.99651568471428,41.293889340992415,1025.7784653060332,999.5663951529,0.6413696511802084,0.0911220953640571,3,9,0.0894434085777878,-2.238581451539652,710.54674709183,711.485764280616,712.427266654507,22.6096096557812,0.99626350402832,0.183473721146584,711.485764280616,o,8.02,8.11,8.238999999999999,0.08999999999999986,0.12899999999999956
UPK_467,7100,0.3029668495187136,0.2674359387023702,0.3432183137115572,0.075782375009187,20.084440197399616,9,118.7611235318099,39.58704117726997,0.2642218922727688,0.1698877547298049,83.99830959478071,34.83830958835472,533.4732660802454,327.3875280221041,0.6478115865937245,0.0856298879216633,4,6,-0.6190840815672404,-2.670720695811417,576.698156400065,577.574115042884,578.452738756786,18.2274360954175,0.998791456222534,0.101108372211456,577.574115042884,o,,8.07,,0.019999999999999574,0.019000000000000128
UBC_54,6092,0.5412640580809719,0.5022192039688969,0.5833444405451799,0.081125236576283,19.89179816265561,11,135.59282492392575,40.88277495791015,0.1155930924824877,0.1603852261981175,122.9341742958886,39.344569417338846,1295.9525788728567,1666.010668799779,0.8961281471404113,0.0925909200003573,4,9,-1.0217238804246718,-2.997351123757826,1051.62282352274,1053.68405356151,1055.75337968402,23.0072656902836,0.999136090278626,0.974035352468491,1053.68405356151,o,,8.4,,0.019999999999999574,0.019000000000000128
BH_23,132,0.1201483241938367,0.1054482332153215,0.1368976925114552,0.0314494592961336,20.22533062132516,8,254.37639244193616,89.93563603473176,0.1228898290137815,0.1679710515077341,209.8796210913572,80.90530134749078,2279.834429258672,2923.5401037963184,0.3048178847380118,0.0309538667972651,4,13,0.1498154664362868,-2.2724203117459103,427.133003864599,427.453151256051,427.773778925219,27.4459045804527,0.998673677444458,0.111524060368538,427.453151256051,o,,7.46,,0.019999999999999574,0.019000000000000128
Trumpler_3,6044,0.3255556364539576,0.3030880069911991,0.349688770199406,0.0466007632082068,19.983996511643586,16,343.34201627801343,85.83550406950336,0.3887039824202675,0.1670485628880892,368.3773716316186,86.31846029524517,1251.676827788956,447.5648729510644,0.7201191189254678,0.03404266581546,6,17,-0.3461033617348663,-3.078188192263852,661.362186827804,661.991892624352,662.622798693028,36.3135842063323,0.998814880847931,0.785509049892426,661.991892624352,o,,7.67,,0.019999999999999574,0.019000000000000128
Harvard_10,4263,0.3291240743005066,0.3038570032463246,0.35649221550557,0.0526352122592453,20.224750457616512,19,360.9750808340788,82.81336307853556,0.0061625126566805,0.1555600157512283,215.55744648284613,72.66538280848523,58791.51516768272,1478691.198433434,0.5717871995515119,0.0684657189417924,4,13,0.2488388482963571,-2.6318498610711183,673.274279823378,674.025301600875,674.778000744036,21.345001804438,0.999593675136566,0.283437728881836,674.025301600875,o,7.86,7.899,7.971,0.0389999999999997,0.07200000000000006
NGC_3228,4618,0.1846570667618991,0.1560824704765476,0.2184629202818258,0.0623804498052782,20.02734327741525,10,160.3066350309303,50.69340907350766,0.1595464611943616,0.1689370161902867,104.48786471316036,44.03526098849332,1109.2524569885268,1111.208141005308,0.6623054035533049,0.1362591433787804,4,8,-0.8650160583863267,-2.3574304413288245,476.626955397824,477.123688469376,477.6214579958,21.3796378240821,0.989638686180115,0.102207884192467,477.123688469376,o,7.415,7.424,7.457999999999999,0.009000000000000341,0.03399999999999892
Platais_3,5195,0.1197029277483054,0.1023332803285328,0.1400208306184909,0.037687550289958,20.26645168562531,8,212.2716902120226,75.04937580142564,0.5196159582298975,0.1215604881142248,137.32678734124727,62.5490020718832,545.843282745158,184.1375379886857,0.5416633664082651,0.0614543242455303,5,6,-0.4622943529472396,-2.71001975787445,177.144012310619,177.211157163055,177.278352936102,21.5497028820477,0.995166599750519,0.100738599896431,177.211157163055,m,8.222000000000001,8.318999999999999,8.519,0.09699999999999775,0.20000000000000107
NGC_2437,4571,0.5434231487357825,0.5220240649359936,0.565699434983176,0.0436753700471823,20.210279316087703,9,206.0657984185899,68.6885994728633,0.0793828233433104,0.1378857639901547,1023.689094143906,171.34849608400353,3619.5377896155696,4594.388910523427,1.2283753051090132,0.0671623025952302,11,11,-1.6220226392513557,-3.116546825488943,1552.85515168935,1554.53783048947,1556.22415995771,99.0,0.999769896268845,0.271690860390663,1554.53783048947,o,,8.48,,0.019999999999999574,0.019000000000000128
UPK_422,7088,0.1296014348978394,0.1131965335328532,0.1483838011939122,0.0351872676610589,19.55592566693184,7,198.9355941878592,75.1905870199917,0.8460333995918388,0.0822809623300917,189.7812776970717,72.86743410517441,424.9204510250206,117.18046852241646,0.5150184351770967,0.0462461257451033,6,7,-0.2281670665097035,-2.8964643816737774,291.561258231668,291.749408379325,291.937801517685,16.4509169655338,0.985023200511932,0.276400476694107,291.749408379325,o,,7.29,,0.019999999999999574,0.019000000000000128
NGC_2451B,4873,0.1608454859039202,0.1451874886123612,0.1781921471535498,0.0330046585411885,19.775493465518675,26,787.7675803721153,154.493933249738,0.6803300189608846,0.0952945350010313,501.98674874614375,134.7400696529062,1659.9065206464452,309.8857994232975,0.3872736298050602,0.0196371376575854,5,15,0.0275362073726457,-2.558959864959921,367.386270755458,367.535051259328,367.683952315369,28.6135636632322,0.974244922399521,0.181459948420525,367.535051259328,o,7.576,7.592,7.604,0.016000000000000014,0.012000000000000455
Stock_10,5366,0.2900305680355419,0.2607856387788779,0.3225550716247192,0.0617694328458413,19.286718955740444,25,404.730929979441,80.9461859958882,0.3360094673098985,0.1253461339179616,169.57188194523246,55.95966326949623,1374.0942819232105,512.9056163161254,0.6715510027349015,0.1063796036573915,4,9,-1.582931465162407,-3.013628423542262,353.259613245393,353.538950834145,353.81873054102,25.1148298725534,0.996333748102188,0.285862162709236,353.538950834145,o,8.023,8.06,8.246,0.03700000000000081,0.18599999999999994
OC_0450,5015,0.1238349954174877,0.1094052135298529,0.1401679645354814,0.0307627510056284,20.031351759338097,8,260.054765535641,91.94324409506471,0.3947365342403852,0.1449308240641709,270.54502251192935,99.82154908214522,929.350942354337,350.3232607466196,0.2965437390737226,0.0210878785739159,4,11,0.7870964673063328,-2.09982452522486,323.499019510644,323.632995078368,323.767081662747,20.7864190125616,0.998258084058762,0.1037967056036,323.632995078368,o,7.04045915603638,7.33745622634888,7.55690813064575,0.2969970703125,0.21945190429687056
CWNU_1069,584,0.1408175356928319,0.1180551614376437,0.1679687539038764,0.0499135924662326,20.001189872166595,5,100.17311423501678,44.79877858946987,0.4593441348513242,0.1264879926736058,76.91162636363615,40.65753105215112,294.990201085048,121.53548798229176,0.6498576270473142,0.0753835764201932,5,6,-0.2283213612923766,-2.667813417495989,398.387415802022,398.687755397471,398.988548179561,15.0529190514476,0.981598734855652,0.138181567192078,398.687755397471,m,6.93522071838379,7.21264863014221,7.41775321960449,0.2774279117584202,0.20510458946228027
ASCC_105,53,0.327606770101534,0.2899440104050405,0.3701617966393886,0.0802177862343481,19.74237025288913,9,112.19456958968443,37.39818986322816,0.1605115954781657,0.1511834876813257,72.42394553674748,31.714880429123266,771.4050331987053,699.0920252021414,0.6924063271937144,0.124858758652776,4,7,-1.190438264855748,-2.646897790280655,552.835468266904,553.359010372764,553.883545020425,18.4251250713009,0.999120831489563,0.295993611216545,553.359010372764,o,7.966,7.994,8.013,0.02799999999999958,0.019000000000000128
Roslund_6,5216,0.2107429409697163,0.1885585649234923,0.2355373630817871,0.0469787981582947,20.06681516530125,17,361.8653662173009,87.7652427745146,0.2786569344528706,0.1667852648093641,286.3523379728601,75.96647280067647,1584.9576173562923,842.0800913703403,0.6030057093398847,0.0832425198156545,5,8,-1.074267693038343,-2.3398265104718483,349.906334515898,350.057510412645,350.208816995966,27.2764240716371,0.997711330652237,0.0702055245637894,350.057510412645,o,7.96,7.976,8.025,0.016000000000000014,0.04900000000000038
ASCC_11,6,0.5120135923743634,0.4721510071557155,0.5552416807397406,0.083090673584025,19.46607071333357,12,144.42054062619994,41.69061900352391,0.3533522405954499,0.166741139341978,125.62764693272754,37.47775659017557,534.3431552391992,229.17817275554145,0.7407526352406116,0.0370061160626295,3,10,0.6832566048994544,-3.111413214420585,824.70038138279,825.935272203655,827.173866774967,27.8934882060186,0.999091982841492,0.728987812995911,825.935272203655,o,,8.39,,0.019999999999999574,0.019000000000000128
ASCC_99,49,0.173416826201149,0.1508609517696769,0.1993451271313289,0.0484841753616519,20.227312003957337,4,82.50114537709057,41.25057268854528,0.0067644813137065,0.1716527347508319,79.07687003808006,41.36709237301203,12275.30323996282,309546.57012895186,0.7130869507073402,0.1407011178581269,6,6,-1.1151637934988576,-2.4801138498095203,298.753334213372,298.963161952307,299.173284641083,19.2453395349149,0.991109371185303,0.690838068723679,298.963161952307,o,,8.55,,0.019999999999999574,0.019000000000000128
Melotte_20,4422,0.1000432423229484,0.0899999999999999,0.1112072259387575,0.0212072259387575,19.95700109831043,20,943.0747829893533,210.8779322630056,0.5498968642046425,0.082944995810377,665.0456606457939,201.1990549778693,2380.048680991061,504.4418249911952,0.4611403869808919,0.0256285816719258,8,12,-0.3596517203404353,-2.416949876008725,173.545112729975,173.581145371544,173.617192978916,99.0,0.997192442417145,0.242330834269524,173.581145371544,o,7.933,7.938,7.944,0.004999999999999893,0.006000000000000227
TRSG_4,5379,0.1673131855595002,0.1468084567971797,0.1906818086150303,0.0438733518178506,20.197281166249464,13,296.3074272048377,82.18089400675814,0.4152996451142681,0.1398600888843029,208.583573513942,70.33861321089249,922.0622164424952,319.1216951119074,0.6514915364628924,0.0666699044015861,6,7,-0.8753102397622977,-3.0741604601097707,322.258605142028,322.420769209562,322.583096564742,25.173641165306,0.997940689325333,0.0618157088756561,322.420769209562,o,,,,0.019999999999999574,0.019000000000000128
Haffner_13,4249,0.1733016822423612,0.1572609229122912,0.1909786138339202,0.033717690921629,20.17692953644523,27,800.7665786710252,154.107599917924,0.1544713859432889,0.1673084534693321,478.4250172649272,125.87003560933402,5662.340302164427,5704.048236478236,0.675071708836264,0.0653635118158794,7,13,-1.3286655789636332,-2.810516245673357,552.01240478687,552.492264773581,552.972959763082,34.5926081418172,0.997724860906601,0.106013566255569,552.492264773581,o,7.474,7.497000000000001,7.513999999999999,0.023000000000000576,0.016999999999998572
HSC_2636,3908,0.1029909584220653,0.0899999999999999,0.11785708351884,0.02785708351884,18.355789852832075,19,682.0527348869854,156.47362871252145,0.8904566129618927,0.0651171012445213,266.8857666266807,99.02357856622912,1032.844180499647,209.33620684061896,0.4898729312990489,0.0385309980580851,6,11,-0.5486044450619192,-3.1306494475925253,133.845305435876,133.878719682508,133.912150615352,20.2275210957807,0.999574422836304,0.30342024564743,133.878719682508,o,6.7460823059082,6.9930112361908,7.21850252151489,0.24692893028260077,0.22549128532408957
NGC_2422,4566,0.2345105153997519,0.2184292266326633,0.2517757475996734,0.0333465209670101,20.23581229415357,23,689.7271239405745,143.81804710774028,0.1441449676632569,0.1739689679099335,648.34349650414,132.81596057942977,5433.298081612339,5862.034421873796,0.6359416560309387,0.0456957965324712,8,14,-1.167765763591073,-2.7820554321504907,468.024873362386,468.2720692265351,468.519526350671,99.0,0.99773383140564,0.159026920795441,468.2720692265351,o,8.087,8.104,8.12,0.01699999999999946,0.016000000000000014
NGC_2287,4537,0.3889028325033757,0.3622129287708771,0.4175593997773093,0.0553464710064322,19.782403087558023,24,433.6319834594471,88.51475796888668,0.5144379421675697,0.1535229015562798,445.3331639654957,90.11536270632972,1288.2569608229962,317.8119230232038,0.6363903400208122,0.0258246025329406,4,14,0.266176433084164,-2.5375474344764,714.566111987451,715.056805470332,715.548173336024,99.0,0.999456346035004,0.0857775807380676,715.056805470332,o,8.351,8.486,8.503,0.1349999999999998,0.01699999999999946
HSC_2468,3776,0.1041264841557615,0.0899999999999999,0.1204702744737785,0.0304702744737785,17.43316096636259,16,525.1019321722526,131.27548304306316,0.818170464907975,0.1036833488831809,179.81431710940583,79.29540368441472,821.6144733046241,196.58835036867623,0.4250764394153135,0.048185104437584,5,9,-0.4983694463222488,-2.85927250607167,108.957994274451,108.97627790857,108.994508348521,15.354848957148,0.999832153320313,0.194558754563332,108.97627790857,m,6.64720296859741,6.92367339134216,7.09269380569458,0.2764704227447501,0.16902041435241966
Collinder_135,1323,0.1483253168592546,0.1249221286573657,0.1761129101613421,0.0511907815039764,19.50554648708055,11,214.8824393146944,64.7894932039232,0.6667807603659418,0.142211185185791,142.75092440590103,49.69811426355952,465.01943016896905,128.97962370014363,0.5954409581681187,0.0849270263733892,5,5,-0.4255366197634157,-2.319899961746956,295.733261990273,295.866653781977,296.000165961894,16.1095664320078,0.993797034025192,0.107396796345711,295.866653781977,o,,7.42,,0.019999999999999574,0.019000000000000128
NGC_2099,4505,0.5686340320711106,0.5448656409025903,0.5934392594361728,0.0485736185335825,19.977740853714707,8,164.69845651851128,58.22969772759853,0.0364112373462931,0.148562051282914,851.0792740594071,148.17770572763678,5374.3657241222845,18525.282455309232,0.9491927226475512,0.0732611863316827,7,13,-1.404128827929219,-2.567190912506299,1400.12979882753,1401.57351157272,1403.02020469573,99.0,0.999797075986862,0.618323564529419,1401.57351157272,o,,8.65,,0.019999999999999574,0.019000000000000128
NGC_1901,4497,0.2376279983151898,0.2093118243554355,0.2697748479197061,0.0604630235642705,20.31319163020253,9,148.85130563199917,49.617101877333056,0.0320742178258607,0.1452466953850105,87.48076989946455,38.18557203080061,4728.320538468462,21072.732291202778,0.4866798574446358,0.1298650449722743,3,7,-0.1599878981612331,-2.2290272247788323,416.092381350728,416.338593158916,416.585096518446,22.5537351022079,0.996727466583252,0.124238386750221,416.338593158916,o,8.891,8.918,8.948,0.026999999999999247,0.030000000000001137
NGC_2281,4535,0.3072689615892843,0.2863604712541254,0.3297040766229598,0.0433436053688344,19.99309619394916,16,369.1432649371749,92.28581623429372,0.2020449346958363,0.1698506649247207,366.8195213629301,87.83364289759778,2193.855004795824,1604.795425076576,0.5820663576362236,0.0297121570069329,5,13,-0.1416574785838308,-3.089462425352721,508.55914675679503,508.931990929396,509.305382195754,99.0,0.997379779815674,0.215563386678696,508.931990929396,o,8.706,8.779,8.804,0.0730000000000004,0.025000000000000355
Alessi_84,96,0.1585015801297546,0.1279062823532353,0.1964153006515209,0.0685090182982856,19.4686592205808,9,131.36956598639827,43.78985532879943,0.8498257913330991,0.0664850733271171,95.3359163603098,39.90953709484605,249.92002915867795,66.28851582251887,0.6516769003720604,0.1451589835784057,4,4,-0.7377729258243906,-2.1711440535014743,198.192676030117,198.300696595499,198.408834973566,16.7597479349273,0.99809405207634,0.0667994469404221,198.300696595499,m,7.81663608551025,8.0684986114502,8.31668090820313,0.2518625259399503,0.2481822967529297
Gulliver_21,1766,0.3708829539750195,0.3330109570567056,0.4130619807978676,0.0800510237411619,19.83573271442756,14,174.88845670815886,46.7409061359698,0.3222164665556409,0.1618540112781208,107.35817766838602,36.326474499173,650.1251522356488,310.95756690808355,0.6187916162496925,0.0536269025294734,3,8,0.1653092557585978,-2.6537423255779222,635.507583775942,636.179739699975,636.853318964818,23.8579966233896,0.999583542346954,0.105734959244728,636.179739699975,o,8.258,8.472000000000001,8.509,0.2140000000000022,0.036999999999999034
Collinder_140,1324,0.1425186750224411,0.1221155848454845,0.1663307165572096,0.0442151317117251,19.84298551878741,8,180.93353316594408,63.969664122840086,0.42789519930365,0.1405045575068386,133.44767448697553,56.53363726403118,556.2931129503947,211.71717013869784,0.4075450166240382,0.0388305134767355,4,10,0.2258646282881254,-2.247514842329293,375.945799992845,376.208709154598,376.471986292796,18.976552441062,0.993827283382416,0.0951276570558548,376.208709154598,o,7.428999999999999,7.473,7.52,0.04400000000000048,0.04699999999999971
Alessi_20,79,0.1420158799847466,0.1241902864121412,0.1624000616353375,0.0382097752231963,19.87857745311133,8,209.3705067163903,74.02365253981161,0.3072027201024471,0.1457043555105274,166.87516712717348,67.58602956340573,848.4137506610975,408.8031262691414,0.4949357479459332,0.0389603939423137,5,11,-0.0326599790962493,-2.6779785525939097,423.961256956158,424.305989727036,424.651283574627,24.1985447081267,0.954734802246094,0.647009372711182,424.305989727036,o,,6.97,,0.019999999999999574,0.019000000000000128
NGC_5662,4664,0.4203487217545257,0.3818766262086208,0.4626966820015204,0.0808200557928995,20.020905361303424,16,197.97066264096387,49.49266566024097,0.0699478475432351,0.1768310588977261,166.13837547622737,46.23456483575809,2996.39934267178,7190.066453242672,0.7445999121994299,0.1333740776046578,3,11,-0.2583254113031204,-2.4346295189693787,750.263282821114,751.016433577796,751.771097952608,30.2255558409247,0.999650955200195,0.821826219558716,751.016433577796,o,,8.3,,0.019999999999999574,0.019000000000000128
Theia_517,5605,0.1463156874067964,0.1325013542059205,0.161570276089803,0.0290689218838824,20.514716559434863,10,344.0100062859429,108.7855157752421,0.016795035778871,0.1728099119289924,308.0212671667981,104.94031940488368,20790.85981632445,210854.5225638554,0.5015614386265769,0.0487920252299642,7,10,-0.8335430494755914,-2.5134704134871977,295.735037563227,295.869996994,296.005079659165,31.6198005883889,0.999157279729843,0.0645617246627808,295.869996994,o,7.8236026763916,8.10234880447388,8.34633159637451,0.2787461280822807,0.24398279190062944
ESO_130-06,1436,0.3758299901623054,0.3343083626237624,0.4225086695314358,0.0882003069076733,20.21334551831673,5,56.68914514360949,25.352156425492584,0.0394051655693067,0.1748917477206677,54.65259140386589,23.496437463187107,1493.2747701104452,6417.404566752621,0.88449742519164,0.0996700268513778,4,7,-0.5348253327383754,-3.1593463165239286,793.54880215136,794.73017668733,795.915073947091,15.3067947206197,0.991223275661469,0.241386219859123,794.73017668733,o,,8.15,,0.019999999999999574,0.019000000000000128
NGC_2546,4589,0.4258709853775985,0.3911566090234023,0.4636661940579299,0.0725095850345275,20.0773293111257,15,206.8692020904175,53.4133983026269,0.1605231303945954,0.1696477539675426,215.212926574731,57.02819408323304,1503.9318892681126,1403.1907468497557,0.6930412446884094,0.0779241303200855,3,11,0.5010204759414013,-2.2475706403545,908.268247674496,909.04272357109,909.818521378496,31.1549024732209,0.994345724582672,0.23077067732811,909.04272357109,o,7.942,7.962000000000001,7.992999999999999,0.020000000000000462,0.030999999999998806
NGC_2343,4548,0.4820324958475358,0.4468114651020102,0.5200299123925934,0.0732184472905832,20.093636119586503,8,109.26208211231618,38.62997959409008,0.0889770561380462,0.1301485334403476,106.15976537644016,37.71885361159672,1334.140178021225,1848.3017407252728,0.8418771920365035,0.0835990397555492,4,11,-0.4946957502890595,-3.238611595013073,1050.03833378186,1052.10028433147,1054.17034888086,22.4235824768784,0.999174654483795,0.494421780109406,1052.10028433147,o,7.896,7.934,7.96,0.038000000000000256,0.0259999999999998
CWNU_1044,576,0.1330016544469169,0.1190978932313231,0.1485285726361169,0.0294306794047938,20.29348027422115,5,169.8907433032475,75.97745015480572,0.146473842779519,0.1438437861440646,233.23114118385448,89.90038304297104,1393.1020101346808,1254.816487507035,0.4384405935532711,0.0304686531467057,6,11,0.2193964858977757,-2.556503392634037,361.437553930617,361.611081087884,361.78477494691,27.8747366728528,0.820420205593109,0.149199634790421,361.611081087884,o,7.24132061004639,7.53467559814453,7.79635000228882,0.2933549880981401,0.2616744041442898
Teutsch_179,5442,0.191712540640272,0.1642680069561956,0.2237422789730981,0.0594742720169024,19.33790509559436,8,134.51194489150566,47.557154191687424,0.7079751412637533,0.1273483280482313,73.83454149944335,38.29238869121504,263.8298351920983,84.53736169892319,0.5758508517939612,0.0837971906068075,4,7,-0.2653867902336622,-2.551627357428639,341.303930048385,341.569023537967,341.83452914811,17.0410507840716,0.77685672044754,0.205951496958733,341.569023537967,o,7.21332883834839,7.48879957199097,7.7179479598999,0.2754707336425808,0.22914838790892933
NGC_2632,4598,0.1372101230267947,0.1265844049094909,0.1487277826560812,0.0221433777465902,20.307188471722977,21,948.3647996400936,206.9501657515408,0.2152494379940226,0.1035361496753957,881.9792636652871,183.7144518574532,5287.866723712588,2334.3885184689416,0.5174566520517445,0.0257097462340066,9,11,-0.6069664552838403,-2.6702943926436906,183.451842576289,183.491092368745,183.530358959896,99.0,0.99667090177536,0.158696159720421,183.491092368745,o,8.871,8.875,8.877,0.0039999999999995595,0.002000000000000668
Pismis_4,5176,0.309492118170934,0.2832377493499349,0.3381801028633027,0.0549423535133677,20.381281776489484,15,273.01342299343645,70.49176270297737,0.0808897458150891,0.1724525492277775,211.337028162896,62.93964282463425,3586.467216079849,7248.446334599527,0.7165236200469141,0.0558991153226645,5,11,-0.5186020613499607,-2.940616324718264,680.186129980945,680.702655725122,681.219966553237,27.7642768900735,0.996033549308777,0.130930066108704,680.702655725122,o,7.861000000000001,7.905,7.922000000000001,0.043999999999999595,0.017000000000000348
NGC_1912,4500,0.5416611318052394,0.5116225620737074,0.5734633369555435,0.0618407748818361,19.751745904188503,10,161.7056063593601,51.13580265141863,0.0399325281216685,0.1526064157308557,384.69763752891765,86.06309022657646,4434.168431530914,15528.613957429969,0.9353106148357692,0.0680495713057477,5,12,-0.6511466376387388,-2.711694481212341,1084.27151646946,1085.45644324691,1086.6439627099,99.0,0.999889194965363,0.729296684265137,1085.45644324691,o,8.693,8.706,8.722000000000001,0.0129999999999999,0.01600000000000179
Trumpler_2,6043,0.408387950685373,0.3712499843659366,0.4492410108780097,0.0779910265120731,19.92468591557944,21,269.2617463721824,58.757730214596506,0.2362986011929879,0.1687139373610987,189.6488577262081,49.69230417977396,1329.1467007636832,852.1867495742875,0.5979967527951919,0.0385411439771876,3,11,0.0958605677617208,-2.538421026230838,674.00397886837,674.651844841291,675.300957495756,30.526518408156,0.994126260280609,0.864967554807663,674.651844841291,o,7.928999999999999,7.962000000000001,8.023,0.03300000000000125,0.060999999999999055
Alessi_33,84,0.3075679887572971,0.2668852090769077,0.354452268206998,0.0875670591300902,19.553949729020925,10,114.1981939252285,36.11263974813264,0.3210602073845999,0.1562454089503374,85.10537248252952,32.125549883743204,440.79627187956936,208.91810669431013,0.7205114706780238,0.0869772660768297,4,6,-0.4857192953394029,-2.6428427462931547,777.61972631389,778.587151852074,779.5569875091,17.4982786949644,0.999645829200745,0.138949796557426,778.587151852074,o,6.97628021240234,7.19573402404785,7.39883279800415,0.2194538116455096,0.2030987739563006
NGC_6025,4680,0.4221399554944854,0.3921305775267527,0.454445922449719,0.0623153449229663,19.7781590852536,13,208.6163531000348,57.85976600019049,0.1326112733925748,0.1607174946957027,226.2685060546531,55.849194255316654,1799.4104250109615,1956.6450297825024,0.661345434476086,0.0232358096809705,4,13,1.0376024833172206,-2.653562662169505,759.167847034936,759.8886663045,760.610855690632,32.3262696476093,0.998567223548889,0.384241729974747,759.8886663045,o,8.068999999999999,8.096,8.106,0.027000000000001023,0.009999999999999787
ASCC_23,14,0.3500903215785575,0.3139311862136213,0.3904143285069389,0.0764831422933176,19.979348133401366,12,156.897319333184,45.29235477607222,0.2663061912999985,0.1682581824385704,90.71102297370004,36.14588400553621,679.8723885704783,410.8515467495159,0.7742660061290714,0.0870933905859249,4,7,-0.7347282672288898,-3.0272836067221727,602.879202357073,603.672827621696,604.468545084122,21.3346729010602,0.997176945209503,0.179667934775352,603.672827621696,o,8.44,8.48,8.515,0.040000000000000924,0.03500000000000014
HSC_1438,2950,0.1091125314371745,0.0903194069386938,0.1318160174004412,0.0414966104617473,19.32385082208472,5,120.49176895084304,53.88555722065672,0.7075813677808336,0.0629949043607571,80.61946521001401,43.60013764717767,250.9062681663126,89.05238969493408,0.5327223331299905,0.1048045388441751,5,6,-0.6599653194526903,-2.341858619077081,147.549411664643,147.620575622704,147.691808259488,16.0231257621041,0.976719826459885,0.203538745641708,147.620575622704,m,7.5225300788879395,7.752700805664061,7.99987077713013,0.23017072677612127,0.2471699714660689
CWNU_338,476,0.2313795930279371,0.1974640087013701,0.2711203749070974,0.0736563662057272,19.5772349430207,5,67.88279489697683,30.358108778463208,0.4958474925081229,0.1614728053535322,64.5110735123978,31.143243967720423,201.4136411821633,81.88986091612104,0.7382397808662028,0.1131353697392097,4,6,-0.4476986745583102,-2.4956547227882084,603.584609161434,604.383708970854,605.184927479199,16.2679446626666,0.990795850753784,0.316628992557526,604.383708970854,o,6.81323432922363,7.01497220993042,7.20233201980591,0.20173788070678977,0.18735980987549006
NGC_7160,4852,0.3842425798369667,0.3313958573492349,0.4455166136979732,0.1141207563487382,19.54521690252013,9,78.86383062952339,26.287943543174464,0.2476834023390993,0.1617112516446074,54.21722897927624,23.538223620202377,372.6230239770056,234.5957015868827,0.6944471110829157,0.0842469516931207,3,10,-0.0096772214053939,-2.509258081187762,893.426517326569,894.880811491876,896.339847893464,18.7786562754433,0.999188274145126,0.975865870714188,894.880811491876,o,,7.16,,0.019999999999999574,0.019000000000000128
Theia_172,5524,0.2603827728716976,0.2342912425922592,0.2893799514578787,0.0550887088656194,19.91376659537904,4,72.61016063668134,36.30508031834067,0.2826811604662714,0.1634895169889282,175.3769605700489,57.15689259858117,432.2393581805361,204.52557753121528,0.5791574817621068,0.0422743923351153,4,10,-0.0893459480965377,-2.768872741238516,464.222038405198,464.59579290446,464.97014972319,26.5365459263802,0.996750682592392,0.091131404042244,464.59579290446,o,7.78553342819214,8.08450984954834,8.3450403213501,0.2989764213562003,0.2605304718017596
Theia_38,5489,0.1361717456948857,0.1264236975842584,0.1466714285368399,0.0202477309525815,20.225209889032943,17,839.6002514954655,203.6329717771151,0.0322426240545832,0.133605359018049,546.727928473812,171.26475078694443,26586.79991746931,108088.34317610136,0.5128022785276265,0.0310211770008342,9,20,-0.4907546570051501,-2.7302280797115066,498.5851419491,498.882265958807,499.179744312484,99.0,0.863290846347809,0.771996736526489,498.882265958807,o,6.54738664627075,6.76176285743713,6.86661958694458,0.21437621116638006,0.10485672950744984
NGC_7058,4840,0.1572358571117113,0.1410411855155515,0.1752900379508542,0.0342488524353026,20.283669571415064,7,204.386410120551,77.25080179146185,0.04920174880064,0.1662644401646051,296.8262211416391,87.95638689749548,4450.8738942985765,14125.324538302588,0.5036675808279139,0.0369935312031213,6,10,-0.7655491906452834,-3.022327945775463,362.610805531701,362.80908198465,363.007575392304,28.0777337942996,0.974994540214539,0.125884681940079,362.80908198465,o,7.573,7.598,7.632000000000001,0.024999999999999467,0.034000000000000696
IC_2714,4294,0.5718236288712277,0.5449735846014602,0.599996535198274,0.0550229505968138,20.011880325657067,24,436.18162493433687,89.03520135559644,0.1012561288422497,0.1615875114856164,455.4463133689367,91.29979986939644,4763.152226300674,6930.973623491115,0.9108141052587092,0.0615503441624311,5,13,-0.6650688762229378,-3.0210674634725256,1293.10283269362,1294.28061386246,1295.46054247551,99.0,0.999653160572052,0.953859776258469,1294.28061386246,o,8.55,8.55,8.55,0.019999999999999574,0.019000000000000128
CWNU_519,553,0.1269197708043019,0.1109269230663066,0.1452183813968012,0.0342914583304945,19.99904933327915,9,262.45602952372894,87.48534317457631,0.4579513342955738,0.1289094862019882,200.69674032864967,80.41429449376409,773.8057365660816,262.65419561977046,0.6765903465326158,0.0688726318306862,7,8,-0.7811766182014551,-3.0182501610654326,321.23232306531,321.388261579011,321.544351563335,16.7656003518184,0.985955029726028,0.13230536878109,321.388261579011,o,7.08916854858398,7.35391211509705,7.58199310302734,0.2647435665130704,0.22808098793028986
BH_99,150,0.1837246807493461,0.1689537340394039,0.1997869920328412,0.0308332579934372,20.26323347880839,5,162.16255839925276,72.52130079720173,0.0503790790866394,0.1687563477977099,344.2031078280914,96.37860553117392,3563.050322569224,10878.366575564822,0.518649799082632,0.0339720996943374,7,15,-0.7333110620212929,-2.8363874524212056,439.997471172446,440.21420158848304,440.43114562039295,32.4218318387261,0.994290292263031,0.11211621761322,440.21420158848304,o,7.882000000000001,7.908,7.943,0.0259999999999998,0.034999999999999254
NGC_1662,4484,0.3712333712123533,0.3402633350285028,0.4050222334126733,0.0647588983841704,19.394070033089225,18,277.9540796574124,65.51440486140737,0.4874609370599864,0.1395707099367424,177.70055690918335,50.84640197484621,747.9084618416922,217.4932754349265,0.6795034312247752,0.0506957823097828,4,9,-0.3132845441640293,-2.707519838926109,404.316928877855,404.599015034865,404.881495081666,26.2870839718911,0.996182501316071,0.927895992994309,404.599015034865,o,8.931000000000001,8.957,8.982000000000001,0.0259999999999998,0.025000000000000355
NGC_2451A,4872,0.1029052449129752,0.0899999999999999,0.1176609936733269,0.0276609936733269,19.53134256269601,14,506.1278768701631,135.2683649388184,0.7519039880434523,0.1021533477821763,330.82760931280046,113.23047136346057,1003.9559407466724,231.4061827902316,0.4216886285333239,0.035335661985813,6,10,-0.3666488699192113,-2.483446940663938,190.034524683839,190.083181760776,190.131863760738,31.7033506551294,0.992167264223099,0.0436779856681824,190.083181760776,o,7.629,7.647,7.662999999999999,0.018000000000000682,0.015999999999999126
NGC_6791,4808,0.7753168630320393,0.7651180707195719,0.7856516021592709,0.0205335314396989,20.20671326887385,14,681.8116036744076,182.2218159483239,0.0571050857097469,0.1169741348184962,1045.606795063538,256.3584059669436,12985.201932700002,24665.70582775441,1.3167703914265565,0.0786846570494185,20,3,-3.4680226517366,2.032321050889287,4170.30288828442,4189.43358652799,4208.74061261273,99.0,0.858711183071137,0.653883248567581,4189.43358652799,o,9.925,9.927,9.929,0.0019999999999988916,0.002000000000000668
UPK_567,7119,0.3806449709265951,0.336542471810681,0.4305269201600663,0.0939844483493852,19.93219328347355,13,138.3207565540287,38.36327540127093,0.4798213704095065,0.1041453126101435,65.76555307897135,27.40021712507648,354.04107618870273,105.1585934000239,0.7279101043899667,0.0848031729891813,3,6,-0.1686537060221992,-2.9264993986187053,630.877048536336,631.6174112043,632.359513611886,16.4565958050738,0.913853645324707,0.430920973420143,631.6174112043,o,,8.53,,0.019999999999999574,0.019000000000000128
Gaia_8,1749,0.1258069738372517,0.1035083754770476,0.1529093137936124,0.0494009383165647,19.7086488382373,13,263.152896341666,72.98548161897976,0.709264511427701,0.1171676936999504,140.72509933725036,57.396528598086455,511.7473232068152,132.81579550894986,0.4841842549294451,0.1143071380994381,4,6,-0.9932598555241244,-2.310612849793326,289.039491615995,289.241248660377,289.44328756478,17.6992990133658,0.979273706674576,0.181059092283249,289.241248660377,o,7.06707525253296,7.32352161407471,7.57737159729004,0.2564463615417498,0.25384998321533025
Alessi_24,82,0.2213411876820236,0.199952945,0.2450172532567038,0.0450643082567038,20.30063090152981,27,599.1437801773742,115.30527425623232,0.210435730640709,0.1556316167204547,247.230333084344,80.14197837616146,3094.3883625367293,2177.2676882815003,0.7309381730662611,0.0921012666446333,6,10,-1.571752801477996,-3.1356583597863903,476.23627593518,476.727214641289,477.219166581977,25.1429654232871,0.993232905864716,0.159157618880272,476.727214641289,o,7.906000000000001,7.945,7.968999999999999,0.0389999999999997,0.023999999999999133
Alessi_9,73,0.1540729462465397,0.1350077284068406,0.1758304731530194,0.0408227447461787,20.16795839850459,6,146.97688843084543,60.00306343959057,0.0430111979956949,0.1146844748592317,166.45208689787256,68.0709252159473,3583.629363512133,9217.94581842076,0.4740294032286892,0.0556353811308794,5,7,-0.8255338380775832,-2.4270798524486743,208.267716247153,208.388205107502,208.508833461091,25.155074844234,0.989165782928467,0.11551196873188,208.388205107502,o,,8.45,,0.019999999999999574,0.019000000000000128
OCSN_27,5090,0.1316945013041645,0.1134440457045704,0.1528810222346808,0.0394369765301103,20.24983760167409,3,76.07074030407685,43.91946239201288,0.0484680179991884,0.1710884927646987,104.63017048744132,55.206515484055146,1674.1340091909467,5614.11865970284,0.4511312358018844,0.0444853023978174,5,8,0.0056233489410988,-2.444898333770503,412.76250976501,413.096647560904,413.431326774772,17.2850149155752,0.990789711475372,0.146289750933647,413.096647560904,o,6.91059112548828,7.17311239242554,7.37939882278442,0.2625212669372594,0.2062864303588805
HSC_2986,4191,0.1060000659593223,0.0899999999999999,0.124844599815341,0.034844599815341,18.06393151141383,20,573.977032481073,128.34516621512842,0.6889234591629941,0.0936963770365328,174.99921968089603,72.01700012394738,1008.1498764729074,229.6367274817077,0.5271264896395359,0.0507757373345753,5,8,-0.625359660355736,-3.298010252785895,148.002491723113,148.045944854459,148.089423508743,24.2841365892696,0.995985150337219,0.1677026450634,148.045944854459,m,6.64499092102051,6.8531756401062,7.04089450836182,0.2081847190856907,0.18771886825561968
NGC_2547,4590,0.139784910689706,0.1266418072987299,0.1542920278327792,0.0276502205340493,20.09267475104665,7,253.1625377591465,95.6864451698144,0.3475569245158328,0.1589053323538455,526.8517677690346,131.01813626118624,1255.2577349694195,451.5224886929137,0.6039340879335192,0.0385757045243066,8,12,-0.6965802440393024,-2.719443171984554,382.202981992233,382.382612184374,382.562411303392,32.3944084030221,0.997991144657135,0.119976878166199,382.382612184374,o,7.414,7.432,7.449,0.018000000000000682,0.01699999999999946
Collinder_69,1312,0.1005617740122476,0.09294622,0.1088013088912101,0.01585508889121,19.98895232651165,15,946.0684896138206,244.2738336430621,0.430757429148663,0.0713293711164319,739.8255588780078,207.43724748112007,2936.1161521327867,704.8946737566164,0.4993767411026825,0.0151220214410255,11,20,0.0832881315273819,-2.7548118586302124,393.561897378831,393.775131318685,393.988596446375,99.0,0.873098731040955,0.416201740503311,393.775131318685,o,,7.1,,0.019999999999999574,0.019000000000000128
Collinder_338,1342,0.3500936622440827,0.3199354543934393,0.3830946856947882,0.0631592313013488,20.1585320022189,3,47.498994813382566,27.42355744174306,0.0017098912539179,0.1892590579548817,98.14607115435774,38.65478739065567,27877.102601019044,3074751.4817522364,0.8716251541277996,0.0512437135551037,6,9,-0.0368165046496578,-3.212767024710831,650.331673445879,651.07522864368,651.820486071914,17.4932792451502,0.998372375965118,0.522869408130646,651.07522864368,o,8.078,8.373,8.512,0.29499999999999993,0.13900000000000112
NGC_3114,4616,0.4116118590197951,0.3884559035063506,0.4361481469490961,0.0476922434427454,20.319650784501164,11,230.6454720085772,69.54222638607904,0.0228873947330995,0.1412237031331958,657.758950628097,124.56532091244816,10735.16071252545,62255.61797627432,0.8581952078052589,0.0478373656963365,7,14,-0.7915820045024891,-2.5094438935639465,985.984540489081,986.548531172542,987.113167439233,99.0,0.999711781740189,0.137305274605751,986.548531172542,o,,8.16,,0.019999999999999574,0.019000000000000128
Briceno_1,290,0.178528932887391,0.1592662594259425,0.2001213564805986,0.040855097054656,18.76688953202281,12,293.72100093034595,84.78994947689077,0.6870093350958051,0.1431939308576219,111.98951405335109,52.57766885600216,539.5251906819458,161.05130073657264,0.5647325325089005,0.0619575420515655,6,8,-0.0934616655958194,-2.8163163409783265,341.811493176951,342.098716245615,342.386422425428,18.0337699666699,0.998901784420013,0.177356258034706,342.098716245615,o,6.63845205307007,6.91341066360474,7.05305337905884,0.27495861053466975,0.1396427154540998
Alessi_34,85,0.1574551474706494,0.1434463710651065,0.1728320018200494,0.0293856307549429,20.54737077142,9,306.27213943624866,102.09071314541625,0.0565954804367901,0.175457831249297,518.6677610376319,122.01408326471685,5930.268423714487,16874.23238198077,0.6686967292888903,0.0418511947911294,8,13,-0.8048889189823961,-2.982721985189153,485.255687403215,485.505436825021,485.75544345924,26.4634348094183,0.988156110048294,0.555046409368515,485.505436825021,o,7.07532548904419,7.31484222412109,7.51060771942139,0.23951673507689986,0.19576549530030007
Theia_2267,5813,0.442845947667643,0.4096062564066406,0.478783051523901,0.0691767951172603,20.147706494593315,10,144.5571449652905,45.712983014146005,0.1912513841741829,0.1667182080475887,144.45847114620153,46.34813375279885,900.3073534404833,702.435723496637,1.1392695530712809,0.0788486032271006,7,11,-0.8662030295144199,-3.884768527471337,1162.08867586912,1163.89781837749,1165.71260262395,23.939079826109,0.969693541526794,0.146583691239357,1163.89781837749,o,7.444724559783939,7.6346330642700195,7.89897346496582,0.18990850448608043,0.2643404006958008
Melotte_25,4424,0.1001421496263126,0.0899999999999999,0.1114272236864309,0.0214272236864309,19.043063173036963,36,1680.1056696298665,280.0176116049777,0.6828579703838485,0.0703167974055753,611.9387991928095,166.30169529930234,3072.341609876039,509.903590529885,0.4740967446374035,0.0316768003706098,8,8,-0.3701974090954769,-2.336089075617614,47.1860063380454,47.1906597575179,47.1953132425424,27.4379341577613,0.995365053415299,0.165234506130219,47.1906597575179,o,,8.9,,0.019999999999999574,0.019000000000000128
Teutsch_38,5401,0.2366715850021458,0.2007921381783178,0.2789623122479228,0.0781701740696049,19.906577244571853,10,127.9260295761362,40.45376254826549,0.3183772744469704,0.154405625983393,100.10386576668144,36.32770505650924,501.9102754683382,235.4519540690731,0.6346622973687547,0.1038043469243119,4,7,-0.8226342679345924,-2.546711493360351,642.448558626611,643.203177007523,643.959570218663,20.7886373989401,0.997640430927277,0.18171352148056,643.203177007523,o,,7.57,,0.019999999999999574,0.019000000000000128
Platais_12,5200,0.2721713124853849,0.2396620632193219,0.3090903180292941,0.0694282548099721,19.940132515098085,10,144.03357865425812,45.54741680924656,0.1931687749982416,0.0689999331374989,135.11522044107295,43.17595942702038,880.7511476532698,358.3282894150394,0.5838468669873939,0.1135462745264999,3,8,-0.7870919078856584,-2.303347813502353,444.036256807819,444.322559270607,444.60923117163,26.0746748907238,0.995057344436646,0.2326650172472,444.322559270607,o,,8.4,,0.019999999999999574,0.019000000000000128
Mamajek_4,4417,0.2347433528586809,0.2146099886513651,0.2567655031232148,0.0421555144718496,20.52109908215118,23,545.5988448524045,113.76522344461596,0.1514890352682098,0.0908933924980191,381.8879786481217,93.22415130468188,3983.461147864146,2289.615072812133,0.697657950962251,0.0507464943300007,7,8,-0.8940496906040559,-2.9093299964452166,443.9412094978831,444.188803860204,444.436674552706,34.2082839663679,0.988079488277435,0.197775304317474,444.188803860204,o,8.761000000000001,8.824,8.871,0.06299999999999883,0.0470000000000006
IC_4651,4298,0.44839043270402,0.4246694304795479,0.473436432458684,0.048767001979136,19.962920517686364,12,246.06802782615063,71.0337210521942,0.0991200434346632,0.1665301665872746,402.32122549575627,99.35329914367668,2884.846649209385,4233.141136990311,0.832941204095628,0.0406983398672395,6,8,0.3725717668772939,-2.2313823156973065,910.04831430532,910.783553327458,911.519981327154,99.0,0.997869163751602,0.192289218306541,910.783553327458,o,,9.22,,0.019999999999999574,0.019000000000000128
Alessi_2,68,0.3955274983983856,0.356459494180418,0.4388773606633227,0.0824178664829046,19.78124521465584,9,109.19962362610786,36.39987454203596,0.4482634820355313,0.1613244509891298,108.9575629475241,36.303125422719,352.563451007467,124.89128208920393,0.7237509441378033,0.0660250143845844,3,8,0.2231318753032731,-2.7947965325194897,603.487264929508,604.13498772548,604.784102416944,21.7786710518805,0.998250305652618,0.572461158037186,604.13498772548,o,8.617,8.759,8.802999999999999,0.14199999999999946,0.04399999999999871
NGC_2232,4524,0.139709965690797,0.1232019269561956,0.1584299450142822,0.0352280180580866,19.482339446064824,8,227.0919694320864,80.28913576921823,0.6795874816064003,0.1406901153441348,222.2117695159241,83.19401039695627,556.3732653917593,160.2029122932522,0.360366196854232,0.0326897059092849,4,10,0.1765613270999424,-2.214284332010459,317.811850381784,318.036107718337,318.26068176344,25.9521590259453,0.997736364603043,0.134927049279213,318.036107718337,o,,7.25,,0.019999999999999574,0.019000000000000128
Alessi_19,78,0.2178467530426431,0.1896159214466447,0.2502807119209985,0.0606647904743538,20.237700911460703,10,164.84026272583148,52.12706803141833,0.1246734258819209,0.1783815542922153,84.77499225899905,39.11211062080925,1406.9514028274614,1937.805738797412,0.6426994144071974,0.0819874810003037,4,9,-0.1359751800326165,-2.7460686020632536,573.704315785313,574.5564017869,575.411022650068,19.5247693399959,0.980647176504135,0.342097282409668,574.5564017869,o,7.366,7.38,7.399,0.014000000000000234,0.019000000000000128
Roslund_5,5215,0.2712944518120241,0.2446239744129413,0.300872716014923,0.0562487416019817,20.239203448160307,9,160.00357952333127,53.33452650777709,0.1460106399035423,0.1425412461017934,194.66139458253656,61.46757389818325,1290.4964626914973,1132.1092932679312,0.5661763601809322,0.0510383270839167,4,10,-0.7088010567259312,-2.75366381534616,538.507190564721,538.899740558744,539.292863276445,27.0064233600257,0.964053303003311,0.244611844420433,538.899740558744,o,,7.99,,0.019999999999999574,0.019000000000000128
Alessi_13,76,0.1069950480959156,0.0899999999999999,0.127199336856081,0.037199336856081,18.017623320106804,14,376.350795019922,100.5839808717526,0.9425249565586316,0.0510079369320229,158.6409407101415,65.63792989456495,557.9415559363553,127.13752475228338,0.3752455118784213,0.0476938524695524,4,7,-0.38734392811833,-2.386101004733845,104.222004351087,104.245356166564,104.268718448727,18.7789208953322,0.973603934049606,0.155838325619698,104.245356166564,m,,7.55,,0.019999999999999574,0.019000000000000128
CWNU_1012,564,0.1629460202473194,0.1425469081898189,0.1862643381860189,0.0437174299962,20.0891207403162,8,182.99337359710697,64.69792769135883,0.4319054610187543,0.1305234475803451,128.07475415608332,57.42848800978728,551.7632464605624,205.25917489560584,0.5485430062536054,0.0521685934583805,5,8,-0.0503092240380647,-2.549775476581561,283.528448370006,283.730137166279,283.932113110654,22.7844708191085,0.956298291683197,0.0890814363956451,283.730137166279,m,7.84884548187256,8.13082361221314,8.3748664855957,0.2819781303405797,0.24404287338255948
NGC_6067,4682,0.7169537935430417,0.6735100412151216,0.7631998197805305,0.0896897785654089,19.40868617149486,6,66.89725513843611,27.31069004699141,0.0851753831603843,0.1616251115625678,316.0895305291106,58.476666716462375,1101.495508832364,1525.575284013472,1.2813451665071722,0.0841315817654721,5,12,0.1226505179755608,-2.485362592901704,1953.78873316717,1957.16149534823,1960.54592224585,99.0,0.999839156866074,0.989845871925354,1957.16149534823,o,,8.1,,0.019999999999999574,0.019000000000000128
Ruprecht_147,5302,0.2265677529140603,0.2,0.2566647333026333,0.0566647333026333,19.952899816735187,12,211.7719311570878,61.133290730175766,0.2112433896222926,0.1274254136662338,116.78019201842204,44.26750435084594,1119.2822420742375,671.8655050690859,0.9534222372669036,0.1196228947018217,6,4,-0.4919604852111144,-2.1430382902700105,302.537842551884,302.685751131694,302.833804405129,24.4198546437191,0.92697012424469,0.313420996069908,302.685751131694,o,,9.48,,0.019999999999999574,0.019000000000000128
ASCC_111,58,0.4869017062241675,0.4335851331843184,0.5467744472300089,0.1131893140456904,19.648312432020752,17,150.19085629530105,36.4266332063229,0.3569751726915027,0.1642875935476374,60.53177204109628,23.272181496990232,481.26371023976674,220.1062680649944,0.7742996700902587,0.0932859512317678,3,8,-0.6682016572635632,-2.8244465006098243,842.690934780584,843.974500010297,845.261981392301,17.5538294379511,0.997223675251007,0.670812010765076,843.974500010297,o,,8.44,,0.019999999999999574,0.019000000000000128
Theia_13,5481,0.1797968058777505,0.1606103899439943,0.201275218963817,0.0406648290198226,19.00973340790584,9,221.3214764929376,73.77382549764587,0.7962716330150055,0.1108270529699118,187.96074409832465,70.20211855323414,465.90795120267074,122.5101872677506,0.4719551091457062,0.0328890306248279,5,12,0.2236415775324515,-2.6512687072721426,408.460327822982,408.846316162205,409.233034696805,17.4095207159907,0.942322552204132,0.298634797334671,408.846316162205,o,6.61002397537231,6.80874729156494,6.98082399368286,0.19872331619262962,0.1720767021179208
